SMILES,split,logSolubility_true,logSolubility_pred
COc1ccc2ccc(=O)oc2c1CC=C(C)C,train,-4.314,-4.034645157456924
COc1ncc2nccnc2n1,train,-1.11,-1.1327399999999996
CC1CC2C3CC(F)C4=CC(=O)C=CC4(C)C3(F)C(O)CC2(C)C1(O)C(=O)CO,train,-5.613,-4.804599999999999
CC(=O)SC1CC2=CC(=O)CCC2(C)C2CCC3(C)C(CCC34CCC(=O)O4)C12,train,-4.173,-4.4403200000000025
Cc1cccc2c1Cc1ccccc1-2,train,-5.22,-5.2616200000000095
CC(=O)CC(C)C,train,-0.74,-0.7307923529411763
CC(C)NC(=O)N1CC(=O)N(c2cc(Cl)cc(Cl)c2)C1=O,train,-4.376,-4.214779999999997
Clc1ccc(C(c2ccc(Cl)cc2)C(Cl)(Cl)Cl)cc1,train,-7.15,-7.081059999999992
C=CCCC,train,-2.68,-2.5263368189214033
CC1CC2C3CCC4=CC(=O)C=CC4(C)C3(F)C(O)CC2(C)C1(O)C(=O)CO,train,-3.59,-3.732639999999996
COC(C)=O,train,0.46,0.3438533333333338
CSc1nc(N(C)C)nc(N(C)C)n1,train,-2.676,-2.8682857142857108
CC1(C)OC2CC3C4CCC5=CC(=O)C=CC5(C)C4(F)C(O)CC3(C)C2(C(=O)CO)O1,train,-4.31,-4.201585454545455
Cc1c([N+](=O)[O-])cccc1[N+](=O)[O-],train,-3.0,-2.650828452380951
Oc1ccc2c(c1)CCCC2,train,-1.99,-2.18057775886525
CCCC(=O)CC,train,-0.83,-0.7974916666666658
OCc1ccccc1OC1OC(CO)C(O)C(O)C1O,train,-0.85,-1.379949999999999
c1ccc2c(c1)CCC2,train,-3.04,-3.2871385658873336
CCCCCCCC,train,-5.24,-4.710216666666671
Oc1cc(Cl)ccc1Oc1ccc(Cl)cc1Cl,train,-4.46,-4.280919999999995
CC(=O)OCC(=O)C1(O)CCC2C3CCC4=CC(=O)CCC4(C)C3C(O)CC21C,train,-4.88,-4.683609999999998
ClC1=C(Cl)C2(Cl)C3C(Cl)C=CC3C1(Cl)C2(Cl)Cl,train,-6.317,-6.193970000000003
CCC(CC)CO,train,-1.17,-1.0281000000000005
Oc1ccncc1,train,1.02,0.5291145454545458
CCNC(=S)NCC,train,-1.46,-1.0778933333333318
NC(=O)c1ccccc1O,train,-1.82,-1.6201123076923054
CNC(=O)Oc1ccccc1,train,-1.803,-1.7859346606334827
Cc1ccccc1C,train,-2.8,-2.8837425783096946
O=C1NC(=O)c2ccccc21,train,-2.61,-2.4812090137672125
Nc1ccccc1[N+](=O)[O-],train,-1.96,-1.8565099999999999
C1=CCC=CC1,train,-2.06,-2.2399705468893134
C=CCC1(CC)C(=O)NC(=O)NC1=O,train,-1.614,-1.844040000000001
CCCCCBr,train,-3.08,-2.8303254128354114
CCOc1ccc(NC(C)=O)cc1,train,-2.35,-2.2670899999999965
Cc1ccc(O)cc1C,train,-1.38,-1.4073754255319135
O=C1c2ccccc2C(=O)c2ccccc21,train,-5.19,-4.9012869913419905
O=c1[nH]c(=O)c2[nH]c(=O)[nH]c2[nH]1,train,-3.93,-3.450470000000004
Clc1ccc(Cl)c(-c2c(Cl)c(Cl)cc(Cl)c2Cl)c1,train,-7.42,-7.814899999999992
Nc1cnn(-c2ccccc2)c(=O)c1Cl,train,-2.878,-2.8792933333333304
O=[N+]([O-])c1cccc2ccccc12,train,-3.54,-3.194911570831061
CN(C)C(=O)Nc1cccc(OC(=O)NC(C)(C)C)c1,train,-2.93,-2.902880000000003
CCCCC1(CC)C(=O)NC(=O)NC1=O,train,-1.661,-2.046685
COC(=O)c1ccccc1,train,-1.85,-1.9108544255319129
Nc1ccc(-c2ccc(N)cc2)cc1,train,-2.7,-3.0472307839669863
CC(=O)C(C)(C)C,train,-0.72,-0.6869999999999995
Clc1ccc(-c2c(Cl)ccc(Cl)c2Cl)c(Cl)c1,train,-7.43,-7.407129999999995
CCC(C)Cl,train,-1.96,-2.1739252269969462
COC(C)(C)C,train,-0.24,-0.23157253968253946
CN(C)C(=S)SSC(=S)N(C)C,train,-3.9,-2.942596666666667
Cc1[nH]c(=O)n(C(C)(C)C)c(=O)c1Cl,train,-2.484,-2.5007970535714303
NNC(=O)c1ccncc1,train,0.009,0.03311950000000012
c1cnc2ncncc2n1,train,0.02,-0.5104499999999991
CCCCCC(=O)OC,train,-1.87,-1.7953633428571445
CCCC(C)(C)C,train,-4.36,-4.060152916666674
C#CC1(OC(C)=O)CCC2C3CCC4=CC(=O)CCC4C3CCC21C,train,-4.8,-4.839305454545462
Clc1cc(Cl)c(Cl)c(Cl)c1,train,-4.63,-4.715166666666664
O=C1NC(=O)C2(CCCCCC2)C(=O)N1,train,-3.168,-3.0233938129744677
CC(C)C(C)C,train,-3.65,-3.3354915168165156
Cc1ccc(S(N)(=O)=O)cc1,train,-1.74,-1.7232248005319146
Cc1ccc(Br)cc1,train,-3.19,-3.3617854354525485
CCC(C)(C)C,train,-3.55,-3.4137487000000037
O=[N+]([O-])c1ccc(Cl)cc1,train,-2.92,-2.6872534045467757
Clc1ccccc1Br,train,-3.19,-3.175008918133194
COc1ccccc1OCC(O)COC(N)=O,train,-0.985,-1.4096900000000003
CC1CCCCC1C,train,-4.3,-4.18704583333334
CC=C(C(=CC)c1ccc(O)cc1)c1ccc(O)cc1,train,-4.95,-4.8389699999999936
CC(C)=CC1C(C(=O)OCc2cccc(Oc3ccccc3)c2)C1(C)C,train,-5.24,-5.825840000000005
c1ccsc1,train,-1.33,-1.7063046070055305
CC1=C(C(=O)Nc2ccccc2)SCCO1,train,-3.14,-3.023301111111106
c1ccc2[nH]ncc2c1,train,-2.16,-1.7154581578947359
O=C(NC(=O)c1c(F)cccc1F)Nc1cc(Cl)c(F)c(Cl)c1F,train,-7.28,-6.68166999999999
CC(=O)OCC(=O)C1CCC2C3CCC4=CC(=O)CCC4(C)C3CCC12C,train,-4.63,-4.6371499999999966
COC(C)(C)CCCC(C)CC=CC(C)=CC(=O)OC(C)C,train,-5.19,-5.469350000000002
CCCCCCO,train,-1.24,-1.0628999999999988
CC(C)OC(=O)Nc1cccc(Cl)c1,train,-3.38,-3.1746499999999984
CC(C)C(Nc1ccc(C(F)(F)F)cc1Cl)C(=O)OC(C#N)c1cccc(Oc2ccccc2)c1,train,-8.003,-7.838380000000006
Cc1cc(C(=O)NNCc2ccccc2)no1,train,-2.461,-2.486844425531919
COP(=S)(OC)Oc1ccc([N+](=O)[O-])cc1Cl,train,-4.31,-3.9563200000000034
Nc1cccc2ccccc12,train,-1.92,-2.30548416900093
C#CC1(O)CCC2C3CCC4=CC(=O)CCC4(O)C3CCC21C,train,-4.57,-4.424335454545454
COCOC,train,0.48,0.03950476190476206
Clc1cccc(C(Cl)(Cl)Cl)n1,train,-3.76,-3.170414675751877
CCCCCC(=O)OCC,train,-2.35,-2.1076345333333313
CCN1C(=O)c2cccnc2N(CC)c2ncccc21,train,-2.86,-3.070840000000006
Cc1cc2ccccc2cc1C,train,-4.72,-4.587252142857147
CC(=O)OCN1C(=O)NC(c2ccccc2)(c2ccccc2)C1=O,train,-4.47,-4.582071515151523
CCCC(C)C,train,-3.74,-3.357017946031749
CN(C)C(=O)N(C)C,train,0.94,0.31805500000000014
CNC(=O)Oc1ccccc1C1OCCO1,train,-1.57,-2.0695039999999976
c1ccc2c(c1)oc1ccccc12,train,-4.6,-4.410186724137934
CC1CCCO1,train,0.11,-0.28122485527544383
CC(=O)OC(C)C,train,-0.55,-0.5073999999999996
CC(=O)Nc1ccccc1,train,-1.33,-1.4472673076923082
Oc1ccccc1O,train,0.62,0.24403000000000008
CCC1NC(=O)c2cc(S(N)(=O)=O)c(Cl)cc2N1,train,-3.29,-3.169020000000001
CNC(=O)ON=C(CSC)C(C)(C)C,train,-1.62,-1.7085571428571447
CC(C)CCOC=O,train,-1.52,-1.3610111111111107
Cc1nnc2n1-c1ccc(Cl)cc1C(c1ccccc1Cl)=NC2,train,-4.09,-4.471658137254894
CCCCC(=O)OCN1C(=O)NC(c2ccccc2)(c2ccccc2)C1=O,train,-4.678,-5.175869999999998
Oc1ccc(Cl)cc1Cl,train,-1.55,-1.6826500000000018
CC(C)CCCO,train,-1.14,-0.9741000000000001
CCCCCCCCO,train,-2.39,-2.5434999999999954
CC=CCCCC,train,-3.82,-3.4879647329059806
CC(=O)OCC(=O)C1(O)CCC2C3CCC4=CC(=O)C=CC4(C)C3C(O)CC21C,train,-4.37,-4.411585000000001
COc1ccccc1[N+](=O)[O-],train,-1.96,-1.86337
Clc1ccccc1-c1ccccc1Cl,train,-5.27,-5.378929999999994
CCSCc1ccccc1OC(=O)NC,train,-2.09,-2.385177092198583
CCC(=C(CC)c1ccc(O)cc1)c1ccc(O)cc1,train,-4.07,-4.35410833333333
CCCCSP(=O)(SCCCC)SCCCC,train,-5.14,-5.055659999999994
CCCCCCCC(C)=O,train,-2.58,-2.8502133333333353
OCC1OC(O)C(O)C(O)C1O,train,0.74,0.4657300000000003
O=C1NC(=O)C(=O)N1,train,-0.4,-0.7253526190476193
CCNc1nc(NC(C)C)nc(SC)n1,train,-3.04,-3.2310057142857165
O=C(Nc1ccc([N+](=O)[O-])cc1Cl)c1cc(Cl)ccc1O,train,-4.7,-4.258429999999995
O=[N+]([O-])c1cccc(Cl)c1,train,-2.77,-2.6618561657329622
CCCC(C)C1(CC)C(=O)NC(=O)NC1=O,train,-2.39,-2.382444999999996
CCN1c2ncccc2C(=O)N(C)c2cccnc21,train,-2.62,-2.972210000000002
CCCCCCCCOC(=O)c1ccccc1C(=O)OCCCCCCCC,train,-5.115,-5.846050000000004
Oc1cccc2ccccc12,train,-2.22,-2.3332635627868163
CC(C)=CCC1(C(C)C)C(=O)NC(=O)NC1=O,train,-2.593,-2.6364678571428537
CS(=O)(=O)c1ccc(C(O)C(CO)NC(=O)C(Cl)Cl)cc1,train,-2.154,-2.2921399999999976
CN(C)C(=O)Nc1cccc(C(F)(F)F)c1,train,-3.43,-3.540940000000004
NC(=S)Nc1ccccc1,train,-1.77,-1.7016606410256419
CC12CCC(C1)C(C)(C)C2=O,train,-1.85,-2.1844304255319122
Oc1cccc2cccnc12,train,-2.42,-2.338288285714282
Brc1cc(Br)cc(Br)c1,train,-5.6,-5.028775000000007
NS(=O)(=O)c1cc(C2(O)NC(=O)c3ccccc32)ccc1Cl,train,-3.451,-3.5899700000000037
CC(=O)OCC(=O)C1(O)C(OC(C)=O)CC2C3CCC4=CC(=O)C=CC4(C)C3(F)C(O)CC21C,train,-4.13,-4.214759999999996
COc1cnc2ncncc2n1,train,-1.139,-1.0409699999999993
COc1c2occc2cc2ccc(=O)oc12,train,-3.664,-3.369354999999996
Clc1cc(Cl)c(Cl)cc1Cl,train,-5.56,-5.1792888888888875
CCCCC(=O)OCC,train,-2.25,-2.0956259368421057
Oc1ccc(O)cc1,train,-0.17,-0.19600000000000026
CCOP(=S)(NC(C)C)Oc1ccccc1C(=O)OC(C)C,train,-4.194,-4.156323750000002
CCCCCCCCCCCCCC,train,-7.96,-6.901737142857146
CC(C)COC=O,train,-1.01,-0.8765625000000001
Cc1ncc([N+](=O)[O-])n1CCO,train,-1.22,-1.3190566666666657
CNC(=O)Oc1cc(C(C)(C)C)cc(C(C)(C)C)c1,train,-4.24,-4.326105333333335
COP(=O)(OC)OC(=CCl)c1cc(Cl)c(Cl)cc1Cl,train,-4.522,-4.658897142857139
Cc1cc2c3ccccc3ccc2c2ccccc12,train,-6.57,-7.057670000000007
CCCOC(=O)CCC,train,-1.75,-1.8280214130325816
COC(=O)c1ccccc1C(=O)OC,train,-1.66,-2.074049999999998
O=C1NC(=O)C2(CC2)C(=O)N1,train,-1.886,-1.8187116666666652
CC12CCC3C(=CCc4cc(O)ccc43)C1CCC2=O,train,-5.282,-4.923922499999997
CSc1nc(NC(C)C)nc(NC(C)C)n1,train,-4.1,-3.9551357142857193
COc1ccccc1Cl,train,-2.46,-2.3850397054607346
Nc1cc2c3ccccc3ccc2c2ccccc12,train,-6.2,-6.489600000000001
c1ccoc1,train,-0.82,-0.4361825000000001
CCOC(=O)Nc1cccc(OC(=O)Nc2ccccc2)c1,train,-4.632,-4.324650000000003
CCCCCCCCCO,train,-3.01,-3.0024199999999963
CCCCCCBr,train,-3.81,-3.543699809523811
CCc1cccc(C)c1N(C(=O)CCl)C(C)COC,train,-2.73,-2.9448244444444436
CCCN(CCC)c1c([N+](=O)[O-])cc(S(N)(=O)=O)cc1[N+](=O)[O-],train,-5.16,-4.5354400000000075
O=[N+]([O-])c1ccc(C=NO)o1,train,-2.19,-1.8514649999999988
CC(O)c1ccccc1,train,-0.92,-1.1373000000000013
ClC(Cl)=C(c1ccc(Cl)cc1)c1ccc(Cl)cc1,train,-6.9,-6.986849999999993
Nc1ncnc2nc[nH]c12,train,-2.12,-1.6705673809523822
Cc1ccc2ccccc2c1,train,-3.77,-3.905850720588232
C1CCCC1,train,-2.64,-2.5217918932262338
Cc1ccccc1-n1c(C)nc2ccccc2c1=O,train,-2.925,-3.438570000000005
CCC1(CCC(C)C)C(=O)NC(=O)NC1=O,train,-2.468,-2.5025516666666636
O=C1NC(=O)C2(CCCC2)C(=O)N1,train,-2.349,-2.2818331578947366
c1ccc2cnccc2c1,train,-1.45,-2.0247774603174578
CCOP(=S)(OCC)Oc1ccc(S(C)=O)cc1,train,-2.3,-2.8625250000000024
CC(=O)OC1(C)CCC2C3CCC4=CC(=O)CCC4(C)C3CCC21C,train,-5.284,-5.18016
NS(=O)(=O)c1cc2c(cc1Cl)NC(C(Cl)Cl)NS2(=O)=O,train,-2.68,-2.878891428571433
CCCCCCCCBr,train,-5.06,-4.704272916666668
c1ccc2c(c1)CCN2,train,-1.04,-1.4390139033189047
CN1C(=O)CN=C(c2ccccc2)c2cc([N+](=O)[O-])ccc21,train,-3.796,-3.68956597222222
O=C1NC(=O)C(c2ccccc2)(c2ccccc2)N1,train,-4.097,-4.0399387575757535
CC(C)c1ccccc1,train,-3.27,-3.281270931013432
CCCCNC(=O)n1c(NC(=O)OC)nc2ccccc21,train,-4.883,-4.430329999999995
CC(=O)OCC(COC(C)=O)OC(C)=O,train,-0.6,-1.022879999999999
FC(F)(Cl)C(F)(Cl)Cl,train,-3.04,-3.064668169995644
c1ccc2c(c1)Cc1ccccc1-2,train,-5.0,-5.06336
CCC(C)O,train,0.47,0.3163497835497832
CCCCCCCCCCCCCCCO,train,-6.35,-6.212170000000007
CN(C)C(=O)OC1=CC(=O)CC(C)(C)C1,train,-0.85,-1.475729999999998
CC(C)(C)Cc1ccccc1,train,-4.15,-4.057710941142189
Clc1ccc(-c2c(Cl)cc(Cl)c(Cl)c2Cl)c(Cl)c1Cl,train,-7.66,-7.8605999999999945
CCOC(N)=O,train,0.85,0.4373588311688319
CCC1CCCCC1,train,-4.25,-4.0677071428571425
CC1CCCC1,train,-3.3,-3.313662566655429
CCCCCCCCCCCCCCCC,train,-8.4,-7.879119999999995
CC1CCC(C)CC1,train,-4.47,-4.370423095238103
CCOC(=O)c1ccccc1C(=O)OCC,train,-2.35,-2.640920416666664
CN(C)C(=O)Nc1ccc(Cl)cc1,train,-2.89,-2.791160593792168
CCC(=O)OCN1C(=O)NC(c2ccccc2)(c2ccccc2)C1=O,train,-4.907,-5.02343818181818
CC(C)C(C)C(C)C,train,-4.8,-4.421248589743595
CCCCCCCCCCCCCCCCCCCC,train,-8.172,-8.040070000000007
Cc1cc2nc3c(=O)[nH]c(=O)nc-3n(CC(O)C(O)C(O)CO)c2cc1C,train,-3.685,-3.4706700000000006
O=C1CCC(N2C(=O)c3ccccc3C2=O)C(=O)N1,train,-2.676,-2.905738001289488
CCC(C)C(=O)OC1CC(C)C=C2C=CC(C)C(CCC3CC(O)CC(=O)O3)C21,train,-6.005,-5.887279999999997
CCNC(=O)C(C)OC(=O)Nc1ccccc1,train,-1.83,-2.2444200000000034
Cc1cc([N+](=O)[O-])cc([N+](=O)[O-])c1O,train,-1.456,-1.9034699999999976
O=Cc1ccc(O)cc1,train,-0.96,-0.997193157894736
Clc1ccc(Br)cc1,train,-3.63,-3.664508976648349
Oc1cccc(Cl)c1,train,-0.7,-0.8313764912280713
CCSCC,train,-1.34,-1.8508352977072828
ClC(Cl)(Cl)C(Cl)(Cl)Cl,train,-3.67,-3.506835064836912
OC1CCCCCC1,train,-0.88,-0.9865999999999993
CCCCC(C)(O)CC,train,-1.6,-1.6682999999999988
Cn1ccc(=O)[nH]c1=O,train,-0.807,-1.030235000000001
CCOC(=O)c1cncn1C(C)c1ccccc1,train,-4.735,-4.098097142857148
CCCCCCCCl,train,-4.0,-4.118164583333334
OC(Cn1cncn1)(Cn1cncn1)c1ccc(F)cc1F,train,-1.8,-2.489020000000003
O=Cc1ccccc1,train,-1.19,-1.4927074999999987
COP(=O)(OC)C(O)C(Cl)(Cl)Cl,train,-0.22,-0.40324999999999955
CCN1C(=O)c2ccccc2Oc2ccccc21,train,-3.68,-3.692887857142862
CCCC(C)O,train,-0.29,-0.5116999999999995
Clc1ccc(-c2ccccc2)cc1Cl,train,-6.39,-6.163417142857135
CN(C)c1nc(N(C)C)nc(N(C)C)n1,train,-3.364,-3.19272333333333
COc1cccc(Cl)c1,train,-2.78,-2.482939882558962
C=C(Cl)CSC(=S)N(CC)CC,train,-3.39,-3.5588881944444406
O=C1NC(=O)C(O)(C2(O)C(=O)NC(=O)NC2=O)C(=O)N1,train,-1.99,-1.8818066666666668
c1ccc(NNc2ccccc2)cc1,train,-2.92,-3.178951269841268
Cc1cc(C)c(O)c(C)c1,train,-2.05,-2.2373650000000027
CCOP(=S)(OCC)Oc1ccc([N+](=O)[O-])cc1,train,-4.66,-3.8556100000000053
Nc1ccc(O)cc1,train,-0.8,-0.5984199999999996
O=C1CSC(=S)N1,train,-1.77,-1.2545033333333326
CC(C)OC(=O)C(O)(c1ccc(Br)cc1)c1ccc(Br)cc1,train,-4.93,-4.8381200000000035
O=C1NC(=O)C2C=CC=CC12,train,-2.932,-2.7229525522287448
CNC(=O)Oc1cc(C)cc(C)c1,train,-2.581,-2.582182575757573
CCCCc1c(C)nc(NCC)nc1OS(=O)(=O)N(C)C,train,-4.16,-3.856840000000006
CC(=O)Nc1ccc(Br)cc1,train,-3.083,-2.843856006715508
CCN1c2ccccc2N(C)C(=S)c2cccnc21,train,-4.706,-4.371072142857146
Nc1nc[nH]n1,train,0.522,0.23451190476190464
O=C1NC(=O)C2(CCCCC2)C(=O)N1,train,-3.06,-2.8789795272601806
N=C(N)NS(=O)(=O)c1ccc(N)cc1,train,-1.99,-1.9729857464574911
c1ccnnc1,train,1.1,0.8263666666666661
O=C(Nc1ccccc1)N(Cc1ccc(Cl)cc1)C1CCCC1,train,-5.915,-5.646780000000002
CC1=CC(=O)CC(C)(C)C1,train,-1.06,-1.6797500000000005
Clc1ccccc1-c1ccccc1,train,-4.54,-4.602468809523814
COc1ccc(Oc2ccc(NC(=O)N(C)C)cc2)cc1,train,-4.16,-3.7335273076923117
Cc1ccccc1N1C(=O)c2cc(S(N)(=O)=O)c(Cl)cc2NC1C,train,-3.78,-3.7822899999999957
CCCCCCCCCC(C)O,train,-2.94,-3.1364257142857133
CC1(C)C(=O)NC(=O)NC1=O,train,-1.742,-1.7297549999999986
Sc1nc2ccccc2s1,train,-3.18,-2.832130920132503
O=[N+]([O-])OCC(CO[N+](=O)[O-])O[N+](=O)[O-],train,-2.22,-1.7228199999999994
CCCCC(C)=O,train,-0.8,-0.8261299999999991
Cc1cc(C)cc(C)c1,train,-3.4,-3.751106587301584
OCC(O)C(O)CO,train,0.7,0.6500033333333338
CC(=O)CC(c1ccc(Cl)cc1)c1c(O)c2ccccc2oc1=O,train,-5.839,-5.315479999999999
Cc1ccccc1Cl,train,-3.52,-3.3549557459720227
CCC1(C2=CCCCC2)C(=O)NC(=O)NC1=O,train,-2.17,-2.3886399999999957
Nc1nc(O)nc2nc[nH]c12,train,-3.401,-3.0839700000000043
Brc1ccc(Br)cc1,train,-4.07,-3.9408543040293007
COC(=O)c1ccc(O)cc1,train,-1.827,-1.7750273076923064
c1ccc2ncccc2c1,train,-1.3,-1.6093754255319146
CC1=C(C(=O)Nc2ccccc2)CCCO1,train,-2.56,-2.726809999999999
CCOP(=S)(OCC)ON=C(C#N)c1ccccc1,train,-4.862,-4.522630000000007
BrC(Br)(Br)Br,train,-3.14,-2.761406019670685
Cc1c(N)c(=O)n(-c2ccccc2)n1C,train,-0.624,-0.8359699999999998
COC(=O)C1=C(C)NC(C)=C(C(=O)OC)C1c1ccccc1[N+](=O)[O-],train,-4.76,-4.183677142857141
Oc1c2ccccc2cc2ccccc12,train,-4.73,-4.555269285714289
Brc1ccccc1,train,-2.55,-2.413072260418046
CC(Cl)(Cl)Cl,train,-2.0,-2.1202600871500015
Cc1cccc2sc3nncn3c12,train,-2.07,-2.404852925531912
CCN1c2cc(N(C)C)cc(C)c2NC(=O)c2cccnc21,train,-4.871,-4.658319999999996
CCN(CC)c1nc(Cl)nc(N(CC)CC)n1,train,-4.411,-4.226130000000002
CCOP(=S)(OCC)N1C(=O)c2ccccc2C1=O,train,-3.35,-3.4939066666666703
COP(=S)(OC)Oc1cc(Cl)c(I)cc1Cl,train,-6.62,-5.513220000000002
CCCOCCC,train,-1.62,-1.4238300000000015
O=c1[nH]c2cc(Cl)ccc2o1,train,-2.831,-2.5663128154761874
CC(C)OC(C)C,train,-1.1,-1.1116533333333323
CCOCCOCC,train,-0.77,-0.8718
CC(=O)Nc1cc(NS(=O)(=O)C(F)(F)F)c(C)cc1C,train,-3.24,-3.2646803968253995
O=[N+]([O-])c1ccc(Cl)c(Cl)c1,train,-3.2,-3.051833736527217
COc1nc(NC(C)C)nc(NC(C)C)n1,train,-2.478,-2.680380000000002
Cc1c[nH]c(=O)[nH]c1=O,train,-1.506,-1.41265
O=C(CC(Cl)Cl)NC1=C(Cl)C(=O)c2ccccc2C1=O,train,-5.03,-4.6186499999999935
CCCCCCCCCC(=O)OC,train,-4.69,-4.329135057471264
Clc1ccc(-c2ccc(Cl)c(Cl)c2Cl)c(Cl)c1,train,-7.8,-7.560629999999994
Cc1cc(Cl)ccc1N=CN(C)C,train,-2.86,-3.033863214285719
c1ccc(Cc2ccccc2)cc1,train,-4.08,-4.098945575757574
CCCCCl,train,-2.03,-2.2014011189516633
CC(C)=CCCC(C)=CC=O,train,-2.06,-2.573244425531915
CCCC=C(C=O)CC,train,-2.46,-2.4069005012894915
CCCCOC=O,train,-1.37,-1.1901000000000008
N#Cc1cc(Br)c(O)c(Br)c1,train,-3.33,-3.2283400000000033
c1ccc2c(c1)CCCC2,train,-4.37,-4.176963501915711
NNc1ccccc1,train,0.07,-0.47792064102564075
Cn1c(=O)on(-c2ccc(Cl)c(Cl)c2)c1=O,train,-2.82,-2.922849374999997
COC(=O)c1cc(O)c(O)c(O)c1,train,-1.24,-1.40707
CCOC(=O)NCCOc1ccc(Oc2ccccc2)cc1,train,-4.7,-4.434149999999995
Nc1cccc2nc3ccccc3cc12,train,-4.22,-3.8144361434441203
Cc1cccc(N)c1,train,-0.85,-1.1395436715686262
CCCCCCCCC(C)=O,train,-3.3,-3.245225000000005
CCN(CC)C(=O)CSc1ccc(Cl)nn1,train,-1.716,-2.0294271428571435
CC(=O)OCC(C)C,train,-1.21,-1.1158211999999983
Cc1ccc2c(ccc3c4c5c(cccc5cc32)CC4)c1,train,-7.92,-7.746229999999994
CSc1ccccc1,train,-2.39,-2.561748856545344
CCCCOC,train,-0.99,-0.9031999999999989
Cc1ccc2cc3ccccc3cc2c1,train,-6.96,-6.48638
Brc1ccc(I)cc1,train,-4.56,-4.170074583333334
CCCCOC(=O)c1ccccc1C(=O)OCCCC,train,-4.4,-4.43428444444444
CC(C)(C)CCO,train,-0.5,-0.7177500000000001
CCN(CC)c1ccccc1,train,-3.03,-3.0785521428571423
C1=CCCCC1,train,-2.59,-2.7054114565828473
OC1CCCCCCC1,train,-1.29,-1.4571300000000005
CC1=C(C(=O)Nc2ccccc2)S(=O)(=O)CCO1,train,-2.281,-2.3934500000000023
CC12CC(=O)C3C(CCC4=CC(=O)CCC43C)C1CCC2=O,train,-3.48,-3.7080600000000015
Cc1cc(=O)n(-c2ccccc2)n1C,train,0.715,-0.2839000000000001
CCNc1nc(Cl)nc(NC(C)(C)C#N)n1,train,-3.15,-3.46474
CCC1(c2ccccc2)C(=O)NCNC1=O,train,-2.64,-2.744045476190471
FC(F)(F)c1ccccc1,train,-2.51,-3.0562512301587277
CCN(CC)C(=O)C(C)Oc1cccc2ccccc12,train,-3.57,-3.8985071428571403
CCCCCCCCCCCCCCCCCCO,train,-8.4,-7.777219999999992
CCCC(C)(C)O,train,-0.49,-0.5272000000000001
COc1ccc(C(c2ccc(OC)cc2)C(Cl)(Cl)Cl)cc1,train,-6.89,-6.123752499999994
c1ccc2nc(-c3ccc4ccccc4n3)ccc2c1,train,-5.4,-5.102469999999994
COC(=O)Nc1cccc(OC(=O)Nc2cccc(C)c2)c1,train,-4.805,-4.4269700000000025
CC(C)SC(C)C,train,-2.24,-2.904969990842493
CCN(CC)C(=O)C(Cl)=CCOP(=O)(OC)OC,train,0.523,-0.607229999999999
CCOP(=S)(OCC)Oc1nc(Cl)n(C(C)C)n1,train,-3.658,-3.162969999999999
OCCOc1ccccc1,train,-0.7,-0.8496333333333344
c1ccc2c(c1)Cc1c-2ccc2ccccc12,train,-6.68,-6.449919999999997
c1ccc(C2CO2)cc1,train,-1.6,-1.8988916468253942
OCC1OC(OC2C(CO)OC(O)C(O)C2O)C(O)C(O)C1O,train,-0.244,-0.5104899999999999
C=C(C)CC,train,-2.73,-2.485611129644009
OCC1OC(O)(CO)C(O)C1O,train,0.64,0.4541300000000003
CON(C)C(=O)Nc1ccc(Cl)c(Cl)c1,train,-3.592,-3.628839999999999
Oc1c(Cl)c(Cl)cc(Cl)c1Cl,train,-3.37,-3.3565850000000017
CC1CCCCC1,train,-3.85,-3.764017559523814
CCOC(C)=O,train,-0.04,-0.13172732539682527
Clc1c(Cl)c(Cl)c2nccnc2c1Cl,train,-5.43,-4.498836319444447
Fc1cccc(Br)c1,train,-2.67,-2.698245742992228
NC(=O)c1ccccc1,train,-0.96,-1.2474799999999981
Cc1cccc(C)n1,train,0.45,0.01841787878787889
CC(C)c1ccc(NC(=O)N(C)C)cc1,train,-3.536,-3.3911639230769244
CC12CCC3C(CC=C4CC(O)CCC43C)C1CCC2=O,train,-4.12,-4.143573333333337
CCNc1nc(NC(C)(C)C)nc(OC)n1,train,-3.239,-3.0341699999999996
CN1C(=O)CN=C(c2ccccc2)c2cc(Cl)ccc21,train,-3.754,-3.880321972222224
CCOP(=S)(OCC)Oc1nc(Cl)c(Cl)cc1Cl,train,-5.67,-5.274660000000003
C=C(C)C1CC=C(C)CC1,train,-4.26,-4.285813807471261
Cc1cccnc1C,train,0.38,-0.43523752594627546
CCCCCCOC(=O)c1ccccc1C(=O)OCCCCCC,train,-6.144,-5.9404100000000035
c1ccc2c(c1)[nH]c1ccccc12,train,-5.27,-4.605721724137929
OCC1OC(OCC2OC(OC3(CO)OC(CO)C(O)C3O)C(O)C(O)C2O)C(O)C(O)C1O,train,-0.41,-1.4790299999999987
CC1(C)C(C(=O)OC(C#N)c2cccc(Oc3ccccc3)c2)C1(C)C,train,-6.025,-6.0227966666666575
O=C1CN=C(c2ccccc2Cl)c2cc([N+](=O)[O-])ccc2N1,train,-3.499,-3.630500613026823
Oc1ccccn1,train,1.02,0.5506900000000009
Cc1cc(C)c2ccccc2c1,train,-4.29,-4.239447142857146
NS(=O)(=O)c1cc2c(cc1C(F)(F)F)NC(Cc1ccccc1)NS2(=O)=O,train,-3.59,-3.944069999999995
CCCCCCCC(C)O,train,-2.74,-2.5474000000000014
Clc1cc(Cl)c(-c2cccc(Cl)c2Cl)cc1Cl,train,-7.21,-7.23546
C1CCOC1,train,0.49,0.18100978354978342
Cc1ccccc1N,train,-2.21,-1.9264313630229424
CCCOCC,train,-0.66,-0.6543666666666655
Nc1cnn(-c2ccccc2)c(=O)c1Br,train,-3.127,-2.9577100000000023
Oc1cccc(O)c1,train,0.81,0.38233787878787906
CC(C)Oc1cc(-n2nc(C(C)(C)C)oc2=O)c(Cl)cc1Cl,train,-5.696,-5.166180000000008
C=CCCCCCCC,train,-5.05,-4.833062500000005
CCCSCCC,train,-2.58,-2.969495429875681
CCCC(O)CC,train,-0.8,-0.8230999999999987
C=CCC1(C(C)CC)C(=O)NC(=O)NC1=O,train,-2.016,-2.2184266666666645
CCCC=O,train,-0.01,-0.1146920476190476
CCOC1Oc2ccc(OS(C)(=O)=O)cc2C1(C)C,train,-3.42,-3.363939999999999
Cc1ccccc1C(C)C,train,-3.76,-3.6853453952991413
CC(=O)OCC(=O)C1(O)CCC2C3CCC4=CC(=O)CCC4(C)C3C(=O)CC21C,train,-4.21,-4.287109999999995
CCCC(C)(C)CO,train,-1.52,-1.5250812500000004
Nc1nc(N)c2nc(-c3ccccc3)c(N)nc2n1,train,-2.404,-2.4420679999999986
CCC(O)(CC)CC,train,-0.85,-1.027499999999999
O=C1c2ccccc2Cc2ccccc2N1CCF,train,-4.799,-4.558616587301583
C=C(C)CCC,train,-3.03,-2.9413755860805844
CCCCCCCCCCCCCCCCO,train,-7.0,-7.126199999999999
Nc1nccs1,train,-0.36,-0.2442733333333331
ClC1=C(Cl)C2(Cl)C3C4CC(C5OC45)C3C1(Cl)C2(Cl)Cl,train,-6.29,-6.235490000000001
Cc1cccc2ccccc12,train,-3.7,-3.8367664999999977
Brc1ccc2ccccc2c1,train,-4.4,-4.260212431322899
Nc1ccc(Cl)cc1,train,-1.66,-1.6528281212121199
OC1C=CC2C1C1(Cl)C(Cl)=C(Cl)C2(Cl)C1(Cl)Cl,train,-5.46,-5.3184399999999945
CCC1(CC)C(=O)NC(=O)NC1=O,train,-2.4,-2.2578970000000016
CNC(=O)Oc1cccc2c1OC(C)(C)C2,train,-2.8,-2.8175600000000025
CCCCCC(C)O,train,-1.55,-1.4938
Clc1ccc(I)cc1,train,-4.03,-3.8286522817460273
CC(C)CCl,train,-2.0,-2.154804680987537
CCCCCCc1ccc(O)cc1O,train,-2.59,-2.7529500000000007
O=C(c1ccccc1)c1ccccc1,train,-3.12,-3.4774919047619055
Clc1ccc(C(c2ccc(Cl)cc2)C(Cl)Cl)cc1,train,-7.2,-7.072700000000003
CCCOC(C)C,train,-1.34,-1.2967936111111122
OCC(O)CO,train,1.12,0.890821904761905
CCOP(=S)(OCC)SCSC(C)(C)C,train,-4.755,-4.586312140804597
CCOc1ccccc1,train,-2.33,-2.0907638441692487
Oc1cccc2ncccc12,train,-2.54,-2.2683631578947354
Cn1c(=O)c2c(ncn2C)n(C)c1=O,train,-0.876,-1.5173800000000006
CC12CCc3c(ccc4cc(O)ccc34)C1CCC2=O,train,-5.24,-5.065760000000003
CC12CCC(=O)C=C1CCC1C2CCC2(C)C1CCC2(C)O,train,-3.999,-4.140125454545459
CC12CCC3c4ccc(O)cc4CCC3C1CCC2=O,train,-3.955,-4.211372499999998
Clc1cc(Cl)c(-c2cc(Cl)c(Cl)cc2Cl)cc1Cl,train,-8.56,-8.166249999999986
CC(=O)C1(O)CCC2C3CC(C)C4=CC(=O)C=CC4(C)C3(F)C(O)CC21C,train,-4.099,-4.231249999999996
Clc1ccccc1,train,-2.38,-2.4167037793305717
CCCCC(=O)OC,train,-1.34,-1.2050900000000013
Oc1ccc(Cl)c(Cl)c1Cl,train,-2.67,-2.527599999999996
CCOC(=O)c1ccc(N)cc1,train,-2.616,-2.3556123757309964
Nc1ncnc2c1ccn2C1OC(CO)C(O)C1O,train,-1.95,-1.9005799999999982
c1ccc(Oc2ccccc2)cc1,train,-3.96,-3.614883174603172
Clc1cccc(-c2cc(Cl)ccc2Cl)c1,train,-6.01,-6.074699999999996
c1cnc2c(c1)ccc1ncccc12,train,-2.68,-2.9718285207700132
C=CCCCCCC,train,-4.44,-4.223227976190476
Cc1ccnc(C)c1,train,0.38,-0.3354261001498501
OC1C(O)C(O)C(O)C(O)C1O,train,0.35,0.015560000000000036
CC(C)(C)CO,train,-0.4,-0.4032999999999996
CC12CCC3C(CCC4=CC(=O)CCC43C)C1CCC2=O,train,-3.69,-3.8840925
Cc1ccncc1C,train,0.36,-0.510064166666667
O=C1Nc2ccc(Cl)cc2C(c2ccccc2Cl)=NC1O,train,-3.604,-3.730462857142856
CCCCCC=O,train,-1.3,-1.71552125
CC(C)OC(=O)C(O)(c1ccc(Cl)cc1)c1cccc(Cl)c1,train,-4.53,-4.882949999999991
O=C1C(Cl)C(CCl)CN1c1cccc(C(F)(F)F)c1,train,-4.047,-4.132906000000005
N#Cc1cc(I)c(O)c(I)c1,train,-3.61,-3.2741400000000067
CCCCN(CC)C(=O)SCCC,train,-3.53,-3.5718787499999975
c1ccc2c(c1)ccc1c2ccc2c3ccccc3ccc21,train,-7.87,-7.739170000000004
c1ccc(-c2ccccc2)cc1,train,-4.345,-4.24128325846703
CC1(C)C(C=C(Cl)Cl)C1C(=O)OCc1cccc(Oc2ccccc2)c1,train,-6.291,-6.349010000000008
C=CCC1(C(C)CCC)C(=O)NC(=O)NC1=O,train,-2.356,-2.563051666666664
Oc1cc(Cl)c(Cl)cc1Cl,train,-2.21,-2.371534285714287
CCCCN(C)C(=O)Nc1ccc(Cl)c(Cl)c1,train,-4.77,-4.519231666666661
O=c1oc2ccccc2c(O)c1C(CC(O)c1ccc(-c2ccc(Br)cc2)cc1)c1ccccc1,train,-4.445,-5.0327499999999965
CC(=O)C1(O)CCC2C3CCC4=CC(=O)CCC4(C)C3CCC21C,train,-3.817,-3.8305300000000035
Cc1c2ccccc2c(C)c2c1ccc1ccccc12,train,-7.02,-7.254939999999993
CC(C)=CCCC(C)=CCO,train,-2.46,-2.774430366008106
CCCOP(=S)(OCCC)SCC(=O)N1CCCCC1C,train,-4.15,-4.296717777777773
Clc1cccc(-c2cccc(Cl)c2Cl)c1Cl,train,-7.28,-7.1194299999999915
OCc1ccccc1,train,-0.4,-0.8936966755319155
C#CCCCCCC,train,-3.66,-4.024097916666673
O=C(c1ccccc1)C(O)c1ccccc1,train,-2.85,-3.001375
Oc1ccc(Cl)cc1,train,-0.7,-0.869566666666668
COc1ccccc1,train,-1.85,-1.815839660633482
Oc1ccc(Cl)c(Cl)c1,train,-1.25,-1.4711499999999997
Clc1cccc(Cl)c1,train,-3.04,-3.2014242891649416
O=C1NC(=O)C2(CCCCCCC2)C(=O)N1,train,-2.982,-2.953649527260182
CC(=O)CC(c1ccccc1)c1c(O)c2ccccc2oc1=O,train,-3.893,-4.146824333333327
CCc1ccccc1CC,train,-3.28,-3.444962916666662
CCN(CC)c1nc(Cl)nc(NC(C)C)n1,train,-3.785,-3.891270000000006
C1CCCCCCC1,train,-4.15,-3.9411109855935096
CCCCC(=O)CCCC,train,-2.58,-2.881363205128208
Cc1ccccc1[N+](=O)[O-],train,-2.33,-2.2859131686682796
CN1C(=O)c2cccnc2Oc2ccccc21,train,-3.672,-3.535950000000004
N#Cc1ccccc1C#N,train,-2.38,-2.196425425531913
Cc1ccc(O)cc1,train,-0.73,-0.8287000000000004
CCc1ccc(CC)cc1,train,-3.75,-3.655823807471265
CCCCCCCCCC(=O)OCC,train,-4.1,-4.174320000000003
O=c1c(O)c(-c2ccc(O)cc2O)oc2cc(O)cc(O)c12,train,-3.083,-3.1122000000000027
O=Cc1ccco1,train,-0.1,-0.21016285714285704
ClC1(Cl)C2(Cl)C3(Cl)C4(Cl)C(Cl)(Cl)C5(Cl)C3(Cl)C1(Cl)C5(Cl)C24Cl,train,-6.8,-6.3771450000000005
CC(C)CC(C)O,train,-0.8,-0.7101999999999988
Cc1ccc(Cl)cc1,train,-3.08,-3.1519561244824024
C=CC(=O)OC,train,-0.22,-0.2369528571428569
ClC(Cl)C(Cl)(Cl)Cl,train,-2.6,-2.767625349186157
CCCCCC(C)C,train,-5.08,-4.7464999999999975
CCCOC(C)=O,train,-0.72,-0.7472249999999996
COP(=S)(OC)Oc1ccc(SC)c(C)c1,train,-4.57,-4.289785476190473
COc1ccc(NC(=O)N(C)C)cc1Cl,train,-2.564,-2.529329999999997
CC12CCC3c4ccc(O)cc4CCC3C1CCC2O,train,-5.03,-4.896855454545446
Nc1nc2[nH]cnc2c(=O)[nH]1,train,-3.583,-3.320740000000005
CC(C)(C)c1ccccc1,train,-3.66,-3.598915607532314
ClC(Cl)=C(Cl)Cl,train,-2.54,-2.4736176225553375
OC(Cn1cncn1)(c1ccc(F)cc1)c1ccccc1F,train,-3.37,-3.895950000000002
CCOC=O,train,0.15,0.038447476190476185
c1cc2c3c(c4ccc5ccccc5c4cc3c1)CC2,train,-7.85,-7.712950000000007
CCC(C)C(C)=O,train,-0.67,-0.7712100000000006
CC(C)N(C(=O)CCl)c1ccccc1,train,-2.48,-2.7943889090909066
O=C(Nc1ccccc1)c1ccccc1I,train,-4.21,-4.032724998726761
OC(c1ccccc1)c1ccccc1,train,-2.55,-2.940405000000004
c1cncnc1,train,1.1,0.7568666666666668
c1cc2c3c(cccc3c1)CC2,train,-4.63,-4.584227777777776
CCCCCOC(=O)CC,train,-1.28,-1.543369533333334
Cc1c(C)c2c3ccccc3ccc2c2ccccc12,train,-7.01,-7.245169999999994
CCN1c2ncccc2C(=O)N(C)c2ccc(Cl)nc21,train,-4.114,-3.865209999999995
Oc1c(Cl)cccc1Cl,train,-1.79,-1.7773000000000005
CC(C)[N+](=O)[O-],train,-0.62,-0.5441299999999992
CC(C)CBr,train,-2.43,-2.415439738943597
CCC1(c2ccccc2)C(=O)NC(=O)NC1=O,train,-2.322,-2.342443333333334
CCCCC1C(=O)N(c2ccccc2)N(c2ccc(O)cc2)C1=O,train,-3.73,-3.848360000000003
c1ccc2c(c1)cc1ccc3cccc4ccc2c1c34,train,-8.699,-8.418219999999993
CC(C)C1(C(C)C)C(=O)NC(=O)NC1=O,train,-2.766,-2.7167669230769214
Brc1cccc(Br)c1,train,-3.54,-3.3260717063492065
CCCCC(C)(C)O,train,-1.08,-1.1728999999999992
Cc1cccc([N+](=O)[O-])c1,train,-2.44,-2.47766741573296
COP(=S)(OC)SCC(=O)N(C)C=O,train,-1.995,-1.7656800000000012
c1ccc2nc3ccccc3cc2c1,train,-3.67,-3.7835036844553924
CC12C=CC(=O)C=C1CCC1C2C(O)CC2(C)C1CCC2(O)C(=O)CO,train,-3.18,-3.3700800000000037
CNC(=O)C=C(C)OP(=O)(OC)OC,train,0.6509999999999999,-0.41540999999999995
C#CC(C)OC(=O)Nc1cccc(Cl)c1,train,-2.617,-3.06846642857143
COP(=S)(OC)Oc1ccc(Sc2ccc(OP(=S)(OC)OC)cc2)cc1,train,-6.237,-5.392840000000003
Clc1cc(Cl)c(Cl)c(Cl)c1Cl,train,-5.65,-5.294519999999993
CCC1(C2=CCC3CCC2C3)C(=O)NC(=O)NC1=O,train,-2.696,-3.3064200000000015
CCC(C)(C)CO,train,-1.04,-0.9053000000000008
CC(C)OP(=S)(OC(C)C)SCCNS(=O)(=O)c1ccccc1,train,-4.2,-4.321224810189805
CC(C)Nc1nc(Cl)nc(NC(C)C)n1,train,-4.43,-4.265310000000005
Oc1cc(Cl)cc(Cl)c1Cl,train,-2.67,-2.577029999999996
O=c1[nH]cc(F)c(=O)[nH]1,train,-1.077,-1.1789099999999986
CCC(c1ccc(O)cc1)C(CC)c1ccc(O)cc1,train,-4.43,-4.412587500000002
O=C1C2CC=CCC2C(=O)N1SC(Cl)(Cl)C(Cl)Cl,train,-5.4,-4.825828909090905
CC12CCC(=O)C=C1CCC1C2C(O)CC2(C=O)C(C(=O)CO)CCC12,train,-3.85,-3.758410000000004
O=[N+]([O-])c1ccccc1[N+](=O)[O-],train,-3.1,-2.6108099999999985
CCOC(C)OCC,train,-0.43,-0.515
N#CC(Cl)(Cl)Cl,train,-2.168,-1.6598137000000017
Oc1ccc(-c2ccccc2)cc1,train,-3.48,-3.2595016666666665
CC(C)C(C)(C)C,train,-4.36,-4.02227833333334
FC(F)(Cl)C(F)(F)Cl,train,-2.74,-2.891790392217867
c1cc2ccc3cccc4ccc(c1)c2c34,train,-6.176,-6.30988
CC(C)(C)C(=O)C(Oc1ccc(Cl)cc1)n1cncn1,train,-3.61,-3.634570000000005
Cc1cc(OC(=O)N(C)C)n(-c2ccccc2)n1,train,-2.09,-2.1644400000000013
O=CNC(N1C=CN(C(NC=O)C(Cl)(Cl)Cl)C=C1)C(Cl)(Cl)Cl,train,-4.19,-4.04320368131868
O=[N+]([O-])c1cccc(Cl)c1Cl,train,-3.48,-3.238671875
CC12CCC(CC1)C(C)(C)O2,train,-1.64,-2.4638737499999963
C1CCCCCC1,train,-3.51,-3.4484527300990044
CCOP(=S)(OCC)SCSc1ccc(Cl)cc1,train,-5.736,-5.3925999999999945
c1cc2cccc3c4cccc5cccc(c(c1)c23)c54,train,-8.804,-8.482869999999991
CCC(=O)OC1CCC2C3CCC4=CC(=O)CCC4(C)C3CCC12C,train,-5.37,-5.2564300000000035
CCc1cccc(CC)c1N(COC)C(=O)CCl,train,-3.26,-3.2225866666666634
c1ccc2[nH]nnc2c1,train,-0.78,-0.8094850000000002
CN(C(=O)NC(C)(C)c1ccccc1)c1ccccc1,train,-3.35,-3.7004800000000024
CC12CCC(=O)C=C1CCC1C2C(=O)CC2(C)C1CCC2(O)C(=O)CO,train,-3.11,-3.3570000000000055
Oc1ncc2nccnc2n1,train,-1.947,-1.5842400000000019
CCCCOC(=O)CCCCCCCCC(=O)OCCCC,train,-3.896,-4.570489999999999
NC(=O)c1cccnc1,train,0.61,0.17159999999999972
O=C1CCCCC1,train,-0.6,-0.9750097368421043
c1ccc2scnc2c1,train,-1.5,-1.6150049527920942
CCC1(CC)C(=O)NC(=O)N(C)C1=O,train,-2.23,-2.2448569999999988
CN(C)C(=O)Nc1ccc(-n2nc(C(C)(C)C)oc2=O)c(Cl)c1,train,-4.328,-3.9708992857142817
CCCCC,train,-3.18,-2.7332078956153616
Clc1cccc(-c2c(Cl)c(Cl)cc(Cl)c2Cl)c1Cl,train,-8.6,-8.231060000000003
C1=CCCC1,train,-2.1,-2.254462532311904
CC(C)N(C(=O)SCC(Cl)=CCl)C(C)C,train,-4.286,-4.16184527777778
Cc1ccc(C(C)C)c(O)c1,train,-2.22,-2.3979589999999993
O=C1CN(N=Cc2ccc([N+](=O)[O-])o2)C(=O)N1,train,-3.38,-3.0708399999999982
COc1cc2c(N)nc(N3CCN(C(=O)OCC(C)(C)O)CC3)nc2c(OC)c1OC,train,-3.638,-3.490049999999999
OCC(O)C1OC2OC(C(Cl)(Cl)Cl)OC2C1O,train,-1.84,-1.911550000000002
c1ccc2cc3c(cc2c1)-c1cccc2cccc-3c12,train,-8.49,-8.325870000000002
c1ccc2c3c(ccc2c1)-c1cccc2cccc-3c12,train,-8.0,-8.139399999999998
CC12CCC(=O)C=C1CCC1C3CCC(O)(C(=O)CO)C3(C)CC(O)C12F,train,-3.43,-3.5268200000000034
Clc1cccc(Cl)c1-c1c(Cl)cccc1Cl,train,-7.39,-7.141729999999993
CC1(C)C2CCC1(C)C(O)C2,train,-2.32,-2.4610999999999965
C=CC(C)C,train,-2.73,-2.516807051333981
Cc1cc(C)c(C)cc1C,train,-4.59,-4.599817142857135
CCCCCCCCCCCCO,train,-4.8,-4.675057142857149
CCC(C)n1c(=O)[nH]c(C)c(Br)c1=O,train,-2.523,-2.5490328571428558
Cc1cccc(C)c1O,train,-1.29,-1.543425
OCC(O)C(O)C(O)C(O)CO,train,0.06,-0.04060000000000009
Clc1ccc(-c2cc(Cl)ccc2Cl)cc1,train,-6.25,-6.2562999999999995
COC1=C(OC)C2C(=O)OCC2C=C1,train,-1.899,-1.81102
CCN(Cc1c(F)cccc1Cl)c1c([N+](=O)[O-])cc(C(F)(F)F)cc1[N+](=O)[O-],train,-6.78,-6.1773299999999915
c1ccc2c(c1)ccc1c3ccccc3ccc21,train,-8.057,-7.602480000000006
CCOc1ccc(C(C)(C)COCc2cccc(Oc3ccccc3)c2)cc1,train,-8.6,-7.74250000000001
O=[N+]([O-])c1c(Cl)c(Cl)c(Cl)c(Cl)c1Cl,train,-5.82,-5.355816319444441
CCN(CC)C(=S)SSC(=S)N(CC)CC,train,-4.86,-4.127630952380957
CCOP(=S)(OCC)SCCSCC,train,-4.23,-4.100594140804601
Clc1ccc(-c2cccc(Cl)c2Cl)cc1,train,-6.29,-6.26085
O=C1CCCN1,train,1.07,0.6513395000000002
CCCN(CCC)c1c([N+](=O)[O-])cc(C(F)(F)F)cc1[N+](=O)[O-],train,-5.68,-5.661700000000001
CC12CCC3C(CCC4CC(O)CCC43C)C1CCC2=O,train,-4.16,-4.432023333333337
Nc1ccc(S(=O)(=O)c2ccc(N)cc2)cc1,train,-3.094,-3.2156330158730135
Clc1ccc(-c2cc(Cl)ccc2Cl)c(Cl)c1,train,-6.57,-6.5888000000000035
CC=C(C)C,train,-2.56,-2.4942246514139477
CC(=O)Nc1ccc(O)cc1,train,-1.03,-1.3215100000000002
CCCCCO,train,-0.6,-0.6588000000000007
CC(C)OC=O,train,-0.63,-0.48377000000000037
CNC(=O)C(C)SCCSP(=O)(OC)OC,train,1.144,-0.2869600000000001
Cc1ccc(N)cc1,train,-1.21,-1.3750128263403247
Oc1ccc(Br)cc1,train,-1.09,-1.052966491228072
Cc1c(F)c(F)c(COC(=O)C2C(C=C(Cl)C(F)(F)F)C2(C)C)c(F)c1F,train,-7.321,-7.048980000000009
Clc1ccc(Cl)c(-c2cc(Cl)c(Cl)c(Cl)c2Cl)c1,train,-7.68,-7.693499999999988
CCCCCCC(C)O,train,-2.09,-2.188490000000001
Clc1ccc(C(c2ccccc2Cl)C(Cl)Cl)cc1,train,-6.51,-6.640169999999996
CCOC(=O)CC(=O)OCC,train,-0.82,-0.8448799999999989
Nc1nc(=O)[nH]cc1F,train,-0.972,-1.098289999999998
CCc1cccc2ccccc12,train,-4.17,-4.17821008169935
COc1ccc(C(O)(c2cncnc2)C2CC2)cc1,train,-2.596,-2.9376666666666686
CCC(C)CCO,train,-0.71,-0.8138333333333329
CC(=O)OC1(C(C)=O)CCC2C3C=C(C)C4=CC(=O)CCC4(C)C3CCC21C,train,-5.35,-5.121740000000005
C=CCC1(C(C)C)C(=O)NC(=O)NC1=O,train,-1.708,-1.887554999999999
Cc1c2ccccc2c(C)c2ccccc12,train,-6.57,-6.439499999999999
CCN1c2nc(N(C)CCO)ccc2NC(=O)c2cccnc21,train,-3.36,-3.5384300000000057
CCCCC(CC)COC(=O)c1ccccc1C(=O)OCC(CC)CCCC,train,-6.96,-6.676940000000003
CCc1ccccc1,train,-2.77,-2.7136643144208055
CON(C)C(=O)Nc1ccc(Br)c(Cl)c1,train,-3.924,-3.7765388888888856
OC1COC(O)C(O)C1O,train,0.39,0.2759445454545455
O=c1oc2ccccc2c(O)c1C1CCCc2ccccc21,train,-2.84,-3.788909999999995
Clc1c(Cl)c(Cl)c(-c2c(Cl)c(Cl)c(Cl)c(Cl)c2Cl)c(Cl)c1Cl,train,-11.6,-10.422950000000007
COP(=O)(NC(C)=O)SC,train,0.54,-0.15532666666666686
Cc1c([N+](=O)[O-])cc([N+](=O)[O-])cc1[N+](=O)[O-],train,-3.22,-2.924320000000001
CC(=O)Nc1nnc(S(N)(=O)=O)s1,train,-2.36,-2.2667200000000047
CCCCCCCC(=O)OC,train,-3.17,-3.0696433333333317
CC12CCC(=O)C=C1CCC1C2CCC2(C)C(O)CCC12,train,-4.02,-4.098772954545452
C#CCCC,train,-1.64,-2.0069372653567266
Cc1ccc([N+](=O)[O-])cc1[N+](=O)[O-],train,-2.82,-2.6289208333333303
c1ccc2c(c1)c1ccccc1c1ccccc21,train,-6.726,-6.862409999999999
Clc1ccccc1Cl,train,-3.05,-3.110610664164945
O=C1CCC(=O)N1,train,0.3,-0.11941249999999998
CNC(=O)ON=C(SC)C(=O)N(C)C,train,0.106,-0.44510666666666615
CC(C)CC(C)C,train,-4.26,-4.015289999999997
CNC(=O)Oc1cccc(N=CN(C)C)c1,train,-2.34,-2.2370400000000017
O=[N+]([O-])c1ccc(O)cc1,train,-0.74,-0.8963749999999987
CCCCCCl,train,-2.73,-2.591228300281297
CCC1(CC=C(C)C)C(=O)NC(=O)NC1=O,train,-2.253,-2.3229099999999985
CC=Cc1ccc(OC)cc1,train,-3.13,-2.968663711246199
Oc1ccccc1Cl,train,-1.06,-1.0441538095238105
c1ccc2ocnc2c1,train,-1.16,-1.1024999999999985
CCc1ccc2ccccc2c1,train,-4.29,-4.244524748366018
NC(=O)NC1NC(=O)NC1=O,train,-1.6,-1.3975399999999982
Cc1ccc(NC(=O)N(C)C)cc1Cl,train,-3.483,-3.5028867857142894
ClC(Cl)(Cl)Cl,train,-2.31,-2.2759313259279903
CCOc1ccc(NC(N)=O)cc1,train,-2.17,-2.043759999999997
COc1ccccc1O,train,-1.96,-1.5192499999999989
CC1CC(C)C(=O)C(C(O)CC2CC(=O)NC(=O)C2)C1,train,-1.13,-1.7985599999999982
CC(=O)C(C)C,train,-0.12,-0.04876250000000006
Cc1occc1C(=O)Nc1ccccc1,train,-3.3,-3.0976309090909133
CN(C)C(=O)C(c1ccccc1)c1ccccc1,train,-2.98,-3.53551
CCCCCCCC(=O)OCN1C(=O)NC(c2ccccc2)(c2ccccc2)C1=O,train,-6.523,-6.426570000000007
Cc1cc(=O)[nH]c(=S)[nH]1,train,-2.436,-2.1022500000000024
CCNc1ccccc1,train,-1.7,-1.7257564912280692
CC(=O)N(C)C,train,1.11,0.5686399999999999
ClC1=C(Cl)C2(Cl)C3C4C=CC(C4)C3C1(Cl)C2(Cl)Cl,train,-6.307,-6.230380000000004
CC(=O)OCCC(C)C,train,-1.92,-1.878952307692306
Oc1cc(Cl)cc(Cl)c1,train,-1.34,-1.7352454255319163
Clc1ccc(-c2c(Cl)c(Cl)c(Cl)c(Cl)c2Cl)c(Cl)c1,train,-7.92,-8.150699999999997
CC1COC2CC3(C)C(CC4C5C=C6CC(O)CCC6(C)CC5CCC43C)OC2C1,train,-7.32,-6.209120000000004
CC12CCC3c4ccc(O)cc4CCC3C1CC(O)C2O,train,-4.955,-4.6624154545454495
O=Cc1ccc2c(c1)OCO2,train,-1.63,-1.5442099999999983
CC(C)(C)c1ccc(O)cc1,train,-2.41,-2.41073209219858
CC12CCC(=O)C=C1CCC1C2C(O)CC2(C)C(C(=O)CO)CCC12,train,-3.24,-3.430850000000002
CCC(C)C(C)C,train,-4.28,-4.050445833333328
N#CC(OC1OC(COC2OC(CO)C(O)C(O)C2O)C(O)C(O)C1O)c1ccccc1,train,-0.77,-2.790590000000002
ClC1C(Cl)C(Cl)C(Cl)C(Cl)C1Cl,train,-4.64,-4.524307142857136
CCCCc1ccccc1,train,-4.06,-3.896095471403669
C#CC1(O)CCC2C3CCc4cc(O)ccc4C3CCC21C,train,-4.3,-4.511978787878791
CCC(C)=O,train,0.52,0.33641109307359307
O=c1[nH]cnc2[nH]ncc12,train,-2.266,-1.9931499999999982
CCC(C)(C)CC,train,-4.23,-4.102497916666671
Clc1ccc2ccccc2c1,train,-4.14,-4.148640810110776
Cc1ccc(C)c(C)c1,train,-3.31,-3.326337105158732
CCOC(=O)c1ccc(O)cc1,train,-2.35,-2.1114431578947346
C=CCC1(c2ccccc2)C(=O)NC(=O)NC1=O,train,-2.369,-2.6402579612462005
CC1(C)C(C=C(Cl)C(F)(F)F)C1C(=O)OC(C#N)c1cccc(Oc2ccccc2)c1,train,-8.176,-8.030910000000011
Fc1cccc(F)c1,train,-2.0,-2.2029991263866155
CCCOC(=O)CC,train,-0.82,-0.8972949999999987
CCOP(=S)(OCC)SCSCC,train,-4.11,-4.032709918582381
CN(C)c1ccccc1,train,-1.92,-1.9406628352366568
Cc1cccc(C)c1,train,-2.82,-2.799130162180811
Cc1cccc(C)c1C,train,-3.2,-3.2650062797619017
CCCCCC(C)=O,train,-1.45,-1.5729600000000001
Cc1cccc(O)c1,train,-0.68,-0.7283000000000007
Clc1ccc(-c2cc(Cl)c(Cl)c(Cl)c2Cl)c(Cl)c1,train,-7.39,-7.565199999999989
CCCCCCCC(=O)OCC,train,-3.39,-3.351794999999995
Nc1ccc2cc3ccccc3cc2c1,train,-5.17,-4.932727142857147
Cc1c(C)c(C)c(C)c(C)c1C,train,-5.23,-5.275847142857148
CCc1ccc(C)cc1,train,-3.11,-3.2009827305698764
ClC1=C(Cl)C2(Cl)C3CC=CC3C1(Cl)C2(Cl)Cl,train,-5.64,-5.692869999999994
OC(c1ccc(Cl)cc1)(c1ccc(Cl)cc1)C(Cl)(Cl)Cl,train,-5.666,-5.5585
CCN1c2ccccc2N(C)C(=O)c2cccnc21,train,-3.324,-3.5856750000000055
CCC(C)CC,train,-3.68,-3.345297895927605
CC(C)CC(C)(C)O,train,-0.92,-1.135900000000001
CCC(C)(C)O,train,0.15,-0.14479999999999976
CC1(C)C(C=C(Cl)Cl)C1C(=O)OC(C#N)c1cccc(Oc2ccccc2)c1,train,-8.017,-7.807350000000013
CCCCCCCl,train,-3.12,-3.2546753227328247
Clc1ccccc1I,train,-3.54,-3.5096486452991478
C1=CCCCCC1,train,-3.18,-3.1467076721014506
COc1cnc2cncnc2n1,train,-0.91,-1.1043699999999985
CCCCCCCCCCCC(=O)OC,train,-4.69,-4.725657142857142
c1ccc2c(c1)cnc1ccccc12,train,-2.78,-3.3747131947261635
ClCc1ccccc1,train,-2.39,-2.5303004563492033
CCC1(c2ccccc2)CCC(=O)NC1=O,train,-2.337,-2.6560329090909063
C=CCc1ccc(OC)cc1,train,-2.92,-2.9067240862461983
CC12CCC3C(CCC4CC5SC5CC43C)C1CCC2O,train,-5.41,-5.179680000000006
Cc1ccccc1O,train,-0.62,-0.8970631578947369
CC12CCC3C(CCC4CC(=O)CCC43C)C1CCC2O,train,-4.743,-4.671055454545453
CCOC(=O)C=Cc1ccccc1,train,-3.0,-3.0482305916305923
c1ccc(CCc2ccccc2)cc1,train,-4.62,-4.805695500000002
CCCCS,train,-2.18,-2.3373966925908705
C=CC1(C)OC(=O)N(c2cc(Cl)cc(Cl)c2)C1=O,train,-4.925,-4.447339130434788
CC(C)Cc1ccccc1,train,-4.12,-3.9548945915750933
CC12CCC(=O)C=C1CCC1C2CCC2(C)C(C(=O)CO)CCC12,train,-3.45,-3.6528799999999975
C=CCCC=C,train,-2.68,-2.597135251910372
CCCCOCN(C(=O)CCl)c1c(CC)cccc1CC,train,-4.19,-4.250915909090908
O=C(C=CC=Cc1ccc2c(c1)OCO2)N1CCCCC1,train,-3.46,-3.8832366666666633
C=COCC,train,-0.85,-0.5767795238095246
O=C1OC(c2ccc(O)cc2)(c2ccc(O)cc2)c2ccccc21,train,-2.9,-3.6241999999999965
CN(C)C(=O)Nc1ccc(Cl)c(Cl)c1,train,-3.8,-3.643526388888893
O=C1C2(Cl)C3(Cl)C4(Cl)C(Cl)(Cl)C5(Cl)C3(Cl)C1(Cl)C5(Cl)C24Cl,train,-5.259,-5.397370000000006
Clc1cc(Cl)c(-c2c(Cl)cc(Cl)cc2Cl)c(Cl)c1,train,-8.71,-8.478070000000002
C=C(C)C1Cc2c(ccc3c2OC2COc4cc(OC)c(OC)cc4C2C3=O)O1,train,-4.42,-4.3974677777777815
Clc1ccc(Cl)c(Cl)c1,train,-3.59,-3.6007441959109703
FC(F)(F)C(Cl)Br,train,-1.71,-2.11377288876721
Clc1c(Cl)c(Cl)c(-c2ccccc2)c(Cl)c1Cl,train,-7.92,-7.713759999999995
O=c1cc[nH]c(=O)[nH]1,train,-1.488,-1.4362105
CC(=O)C1CCC2C3CCC4=CC(=O)CCC4(C)C3CCC12C,train,-4.42,-4.417572954545456
NC(=O)c1cnccn1,train,-0.667,-0.6973700000000008
CC(C)CCC(C)(C)C,train,-5.05,-4.802300000000006
CCOP(=O)(OCC)OCC,train,0.43,-0.00872000000000004
Oc1ccc2ncccc2c1,train,-2.16,-2.0029964912280684
O=[N+]([O-])c1ccccc1,train,-1.8,-1.787208946347771
OC1CCCCC1,train,-0.44,-0.6761999999999996
CCCOC(=O)c1ccc(N)cc1,train,-2.452,-2.6323661217948713
N#Cc1c(Cl)c(Cl)c(Cl)c(C#N)c1Cl,train,-5.64,-5.387549999999992
CCCOC=O,train,-0.49,-0.5015753571428573
CCCCN(CC)c1c([N+](=O)[O-])cc(C(F)(F)F)cc1[N+](=O)[O-],train,-5.53,-5.433709999999992
CN(C(=O)COc1nc2ccccc2s1)c1ccccc1,train,-4.873,-4.634038181818178
OCC1OC(n2cnc3c(O)ncnc32)C(O)C1O,train,-1.23,-1.4130500000000006
COc1ncnc2nccnc12,train,-1.11,-1.0910699999999995
CC(C)CNC(=O)N1CCNC1=O,train,-2.15,-2.0722120000000026
NC(=O)NCc1ccccc1,train,-0.95,-1.4408411111111101
OCC1OC(OC2(CO)OC(CO)C(O)C2O)C(O)C(O)C1O,train,0.79,0.10992999999999985
CC(C)C(C(=O)OC(C#N)c1cccc(Oc2ccccc2)c1)c1ccc(OC(F)F)cc1,train,-6.876,-7.179859999999994
CCCCC(C)CC,train,-5.16,-4.609551666666673
O=C1CNC(=O)N1,train,-0.4,-0.4395966666666661
CCC1(C(C)C)C(=O)NC(=O)NC1=O,train,-2.21,-2.2897050000000014
Clc1ccc(-c2ccc(Cl)cc2)cc1,train,-6.56,-6.295919999999991
Cc1ccc2cc(C)ccc2c1,train,-4.89,-4.8027603246753205
Cc1ccc2c(ccc3ccccc32)c1,train,-5.84,-5.993319999999996
c1ccncc1,train,0.76,0.3159500000000003
Fc1ccccc1,train,-1.8,-1.9411200088652498
Cc1cc2ccccc2c2ccc3ccccc3c12,train,-6.59,-6.91025
CNC(=O)Oc1ccc(N(C)C)c(C)c1,train,-2.36,-2.5630191666666695
COP(=O)(OC)OC(Br)C(Cl)(Cl)Br,train,-2.28,-2.000600000000001
CCCCCCc1ccccc1,train,-5.21,-4.823559224137926
CN(C)C(=O)Nc1ccccc1,train,-1.6,-1.857447307692306
CCN1c2ccccc2C(=O)N(C)c2ccccc21,train,-4.749,-4.298422142857149
Nc1ccccc1Cl,train,-1.52,-1.7155767690058485
CC(C)CCO,train,-0.51,-0.5645999999999998
CC1Cc2ccccc2N1NC(=O)c1ccc(Cl)c(S(N)(=O)=O)c1,train,-3.586,-3.9020059523809567
CCNc1nc(NC(C)(C)C)nc(SC)n1,train,-4.0,-3.8585357142857157
CCC(C)C,train,-3.18,-2.929940801910512
Nc1cc(N2CCCCC2)nc(N)[n+]1[O-],train,-1.989,-2.1648470000000013
Clc1cccc(I)c1,train,-3.55,-3.461073073870577
COCC(=O)N(c1c(C)cccc1C)C(C)C(=O)OC,train,-1.601,-2.2482799999999994
CCCCC(C=O)CC,train,-2.13,-2.6064120921985796
Cc1c2ccccc2cc2ccccc12,train,-5.89,-5.8820599999999965
N#CN=C(N)N,train,-0.31,-0.2593287301587298
CCCCCC(C)(C)O,train,-1.72,-1.9178799999999998
Ic1cccc2ccccc12,train,-4.55,-4.362106944726172
O=C(Nc1ccccc1)Nc1ccccc1,train,-3.15,-3.223776666666666
O=C(Nc1cccc(Cl)c1)OCC#CCCl,train,-4.37,-4.152980000000003
Oc1cc(Cl)c(Cl)c(Cl)c1Cl,train,-3.15,-3.0980842857142847
CSCS(=O)CC(CO)NC(=O)C=Cc1c(C)[nH]c(=O)[nH]c1=O,train,-1.981,-2.363952857142855
O=C(NC(CO)C(O)c1ccc([N+](=O)[O-])cc1)C(Cl)Cl,train,-2.111,-2.1970599999999973
c1ccc2ccccc2c1,train,-3.6,-3.7317873987411083
CCCC(C)(O)CC,train,-0.98,-1.0771000000000006
Cc1c[nH]c(=O)nc1N,train,-1.458,-1.378469999999999
Clc1ccc(Cl)c(-c2c(Cl)c(Cl)c(Cl)c(Cl)c2Cl)c1,train,-8.94,-8.671360000000007
CCCCCCCCC(=O)OC,train,-3.38,-3.3994183333333314
Brc1ccc(Br)c(Br)c1,train,-4.5,-4.169726285714285
CCCCCCCCCCO,train,-3.63,-3.7044012499999974
CCCCCCCCCCCCCCCCCCCCCCCCCC,train,-8.334,-8.185449999999992
CCOP(=S)(CC)Oc1cc(Cl)c(Cl)cc1Cl,train,-5.752,-5.289007500000005
COc1ccc(C=O)cc1,train,-1.49,-1.4526399999999995
CC1CCC(C(C)C)C(=O)C1,train,-2.35,-2.717151666666665
Clc1ccc(Cl)c(-c2cccc(Cl)c2Cl)c1,train,-6.47,-6.5738200000000075
OC(c1ccccc1)C(O)c1ccccc1,train,-1.93,-2.6883650000000032
CCC(C)c1cc([N+](=O)[O-])cc([N+](=O)[O-])c1O,train,-3.38,-2.8926299999999974
CCNc1nc(Cl)nc(NCC)n1,train,-4.55,-3.9842300000000033
CCNP(=S)(OC)OC(C)=CC(=O)OC(C)C,train,-3.408,-3.038009999999998
CN1C(C(=O)Nc2ccccn2)=C(O)c2ccccc2S1(=O)=O,train,-4.16,-4.087050000000005
C1CCCCC1,train,-3.1,-3.0588966833263345
Cc1ccc2ccc(C)nc2c1,train,-1.94,-2.233714444444443
C1CCOCC1,train,-0.03,-0.333556430735931
c1ccc(-c2ccc(-c3ccccc3)cc2)cc1,train,-7.11,-6.961980000000007
CCSSCC,train,-2.42,-2.484948679458224
Clc1cccc(-c2ccccc2)c1,train,-4.88,-4.742960324675323
C=CC(=C)C,train,-2.03,-2.197736597953866
CCCCOC(=O)c1ccc(N)cc1,train,-3.082,-2.999269555966694
Cc1ccc(C)c2ccccc12,train,-4.14,-4.250697142857139
CC(=O)OC1CCC2C3CCC4=CC(=O)CCC4(C)C3CCC12C,train,-5.184,-5.088790000000008
CC(C)CO,train,0.1,0.0535097222222221
Nc1cccc(Cl)c1,train,-1.37,-1.465461588235295
Nc1cc[nH]c(=O)n1,train,-1.155,-1.1914305000000005
CCCC(O)CCC,train,-1.4,-1.381600000000001
CCCCCC1CCCC1,train,-6.08,-5.533043333333333
COP(=S)(OC)Oc1ccc([N+](=O)[O-])c(C)c1,train,-4.04,-3.6343000000000036
CC(C)CC(C)(C)C,train,-4.74,-4.574691724137936
Cc1ncnc2nccnc12,train,-0.466,-0.7567999999999999
O=C1C=C2CC3(O)COc4c(ccc(O)c4O)C3=C2C=C1O,train,-2.7,-3.1611799999999963
CCCCBr,train,-2.37,-2.4597508363817195
COP(=S)(OC)SCC(=O)N(c1ccc(Cl)cc1)C(C)C,train,-4.432,-4.345747777777779
O=C1CN=C(c2ccccc2)c2cc([N+](=O)[O-])ccc2N1,train,-3.796,-3.781965613026817
Clc1cc(-c2cc(Cl)c(Cl)c(Cl)c2Cl)c(Cl)c(Cl)c1Cl,train,-9.16,-8.919299999999998
ClC(Cl)C(Cl)Cl,train,-1.74,-2.015245243757667
CCCN(CCC)c1c([N+](=O)[O-])cc(C(C)C)cc1[N+](=O)[O-],train,-6.49,-5.790540000000004
CCNc1nc(Cl)nc(N(CC)CC)n1,train,-4.06,-3.901500000000002
COc1ccc(Cl)cc1,train,-2.78,-2.5202896327393374
O=C1C(O)=C(C2CCC(c3ccc(Cl)cc3)CC2)C(=O)c2ccccc21,train,-5.931,-5.531359999999998
CCOP(=S)(OCC)Oc1cc(C)nc(C(C)C)n1,train,-3.64,-3.6419499999999956
CCN1c2ncccc2C(=O)Nc2c(C(F)(F)F)cc(C)nc21,train,-4.207,-4.190269777777774
O=C1CC(c2ccc(O)c(O)c2)Oc2cc(O)cc(O)c21,train,-3.62,-3.2308100000000026
Fc1ccc(F)cc1,train,-1.97,-2.4533466144818536
CCCC1C(=O)N2C(N(C)C)=Nc3ccc(C)cc3N2C1=O,train,-3.538,-3.556460000000004
CCCCC(O)CC,train,-1.47,-1.4690999999999994
CCSCCSP(=S)(OC)OC,train,-3.091,-2.466070972222223
CCCCCCC(=O)OCN1C(=O)NC(c2ccccc2)(c2ccccc2)C1=O,train,-6.301,-6.193450000000001
C1CCC2CCCCC2C1,train,-5.19,-4.899309501915707
CCCCCCCI,train,-4.81,-4.571347916666668
COc1c2occc2c(OC)c2c(=O)cc(C)oc12,train,-3.021,-2.9791599999999985
CC1(C)C(C=C(Br)Br)C1C(=O)OC(C#N)c1cccc(Oc2ccccc2)c1,train,-8.402,-8.076530000000009
Oc1c(Cl)ccc(Cl)c1Cl,train,-2.64,-2.5657999999999945
COC1=CC(=O)CC(C)C12Oc1c(Cl)c(OC)cc(OC)c1C2=O,train,-3.246,-3.303809999999999
Clc1ccc(-c2ccccc2Cl)cc1,train,-5.28,-5.475999999999991
CCC(=O)OC,train,-0.14,-0.1793266666666669
Cc1cnc2cncnc2n1,train,-0.854,-1.0901699999999996
O=C1NC(=O)C(=O)C(=O)N1,train,-1.25,-1.404294285714286
CC(=O)Nc1ccc(Cl)cc1,train,-2.843,-2.7760968483709263
CCCCCCCCC(=O)OCC,train,-3.8,-3.851447638888892
Clc1cccc2ccccc12,train,-3.93,-4.041841778059503
C=CCC1(CC=C)C(=O)NC(=O)NC1=O,train,-2.077,-2.1415800526315776
c1ccc2[nH]ccc2c1,train,-1.52,-1.628431111111112
C#CC(C)N(C)C(=O)Nc1ccc(Cl)cc1,train,-3.9,-3.7711271249402722
ClCC(Cl)Cl,train,-1.48,-1.6895292848595835
O=c1ccnc(S)[nH]1,train,-2.273,-1.567920499999999
O=C1NC(=O)C2(CCC2)C(=O)N1,train,-1.655,-1.8372703333333342
Nc1ccccc1,train,-0.41,-0.8784689743589728
Oc1c(Cl)c(Cl)c(Cl)c(Cl)c1Cl,train,-4.28,-4.247354444444437
CC1CCC(C(C)C)C(O)C1,train,-2.53,-2.6414524999999984
CCCCCCCBr,train,-4.43,-4.393281250000003
Cn1cnc2c1c(=O)[nH]c(=O)n2C,train,-2.523,-2.3112099999999987
O=[N+]([O-])c1cccc([N+](=O)[O-])c1,train,-2.29,-2.348103244047618
C#CC1(O)CCC2C3CCC4=Cc5oncc5CC4(C)C3CCC21C,train,-5.507,-5.066130000000004
Brc1cc(Br)c(Br)cc1Br,train,-6.98,-6.12511444444445
CCCCI,train,-2.96,-2.7168931878592275
NC(=O)CCl,train,-0.02,0.04234519624819625
CC=CCC,train,-2.54,-2.381079896805504
Cc1ccc(C)cc1,train,-2.77,-2.86508559418271
CNC(=O)Oc1ccccc1OC(C)C,train,-2.05,-2.1520470897832853
Cc1c(N(C)C)c(=O)n(-c2ccccc2)n1C,train,-0.364,-1.098400000000001
ClC1=C(Cl)C(Cl)(C2(Cl)C(Cl)=C(Cl)C(Cl)=C2Cl)C(Cl)=C1Cl,train,-7.278,-7.627290000000009
c1ccc2c(c1)-c1cccc3cccc-2c13,train,-6.0,-6.105920000000001
CCC[N+](=O)[O-],train,-0.8,-0.5010254999999993
CON(C)C(=O)Nc1ccc(Cl)cc1,train,-2.57,-2.6564395927601776
N#Cc1ccccc1,train,-1.0,-1.2800449999999994
CCN1c2cc(OC)cc(C)c2NC(=O)c2cccnc21,train,-5.153,-4.838570000000006
CCCOC,train,-0.39,-0.39082539682539713
Cc1ccc(C(C)C)cc1O,train,-2.08,-2.205703095238098
Cc1cc(S(=O)(=O)c2ccccc2)ccc1NS(=O)(=O)C(F)(F)F,train,-3.8,-4.286566000000004
Cc1ccc(OP(=O)(Oc2cccc(C)c2)Oc2ccccc2C)cc1,train,-6.01,-5.516739999999994
CCCCC(CC)CO,train,-2.11,-2.200550000000004
O=[N+]([O-])c1cc([N+](=O)[O-])cc([N+](=O)[O-])c1,train,-2.89,-2.6557949107142815
CCCC(=O)OCC,train,-1.36,-1.124506666666666
CC=CC=O,train,0.32,0.042842714285714394
Cc1ccccc1Br,train,-2.23,-2.6295072643000283
CCC(C)(O)CC,train,-0.36,-0.49599999999999966
Oc1ccc(Cl)cc1Cc1cc(Cl)ccc1O,train,-3.953,-3.973191821428566
COCCCNc1nc(NC(C)C)nc(SC)n1,train,-2.928,-3.0679790476190463
CCNc1nc(NC(C)C)nc(OC)n1,train,-2.084,-2.439970000000002
O=[N+]([O-])C(Cl)(Cl)Cl,train,-2.0,-1.6044817
Clc1cc(Cl)c(-c2c(Cl)cccc2Cl)c(Cl)c1,test,-7.32,-7.489109999999996
CCC(C)CO,test,-0.47,-0.5901999999999998
O=c1[nH]c2c(c(=O)n1C1CCCCC1)CCC2,test,-4.594,-3.723489285714288
CCN(CC)c1c([N+](=O)[O-])cc(C(F)(F)F)c(N)c1[N+](=O)[O-],test,-5.47,-4.109150000000001
CCCCCCCO,test,-1.81,-1.8059812499999994
Cn1c(=O)c2[nH]cnc2n(C)c1=O,test,-1.39,-2.060409999999999
CCCCC=O,test,-0.85,-1.532104467934542
c1ccc(Nc2ccccc2)cc1,test,-3.504,-3.4369696031746026
CN(C)C(=O)SCCCCOc1ccccc1,test,-3.927,-3.4788666666666677
C=CCCCO,test,-0.15,-0.6955000000000006
CCCC(C)=O,test,-0.19,-0.3694201587301585
Clc1cc(Cl)c(Cl)c(-c2c(Cl)c(Cl)cc(Cl)c2Cl)c1Cl,test,-9.15,-9.194810000000006
CC12C=CC(=O)C=C1CCC1C3CC(O)C(O)(C(=O)CO)C3(C)CC(O)C12F,test,-3.68,-3.534849999999999
O=C(Cn1ccnc1[N+](=O)[O-])NCc1ccccc1,test,-2.81,-2.78091
CCC(Br)(CC)C(=O)NC(N)=O,test,-2.68,-2.1719679260935147
O=[N+]([O-])c1ccc(Oc2ccc(Cl)cc2Cl)cc1,test,-5.46,-4.012082819794586
CC12CCC(CC1=O)C2(C)C,test,-1.96,-2.565639999999998
CCCCCC(=O)OCN1C(=O)NC(c2ccccc2)(c2ccccc2)C1=O,test,-5.886,-5.741109999999999
CCCC1COC(Cn2cncn2)(c2ccc(Cl)cc2Cl)O1,test,-3.493,-4.875619999999998
CCN1c2cc(Cl)ccc2NC(=O)c2cccnc21,test,-5.36,-3.9690076388888906
C=CCC1(C(C)CCC)C(=O)NC(=S)NC1=O,test,-3.46,-3.0552333333333337
Clc1ccc(Cl)c(-c2ccc(Cl)c(Cl)c2)c1,test,-7.25,-6.59244
O=[N+]([O-])c1ccccc1O,test,-1.74,-1.467134999999999
Oc1ccccc1,test,0.0,-0.7108923076923083
O=[N+]([O-])c1cccc(O)c1,test,-1.01,-1.4301849999999987
C=CCCCCCCCC,test,-5.51,-4.530365474137934
CCCCc1c(C)nc(N(C)C)nc1O,test,-2.24,-2.762360000000001
CC1(C)C(C=C(Cl)Cl)C1C(=O)OC(C#N)c1ccc(F)c(Oc2ccccc2)c1,test,-7.337,-7.8221500000000095
Brc1cccc2ccccc12,test,-4.35,-4.259664220588238
ClC=C(Cl)Cl,test,-1.96,-2.1235403179556993
CSc1nnc(C(C)(C)C)c(=O)n1N,test,-2.253,-2.2829099999999998
Cc1ccc2c(c1)Oc1ncc(N)cc1C(=O)N2C,test,-3.043,-3.3506300000000016
CC[N+](=O)[O-],test,-0.22,-0.1623466666666667
C=C(C)CN(CC)c1c([N+](=O)[O-])cc(C(F)(F)F)cc1[N+](=O)[O-],test,-6.124,-5.29197
Clc1ccc(Cl)c(Cl)c1Cl,test,-4.57,-4.539878888888888
CCCC(C)(COC(N)=O)COC(N)=O,test,-1.807,-2.5499799999999997
CC(=O)C1CCC2C3CC=C4CC(O)CCC4(C)C3CCC12C,test,-4.65,-4.5494554545454555
CCC(C)C1(CC)C(=O)NC(=O)NC1=O,test,-2.39,-2.3578699999999992
C#CC1(O)CCC2C3CCC4=CC(=O)CCC4(C)C3CCC21C,test,-5.66,-4.370025454545456
Nc1ccccc1O,test,-0.72,-0.07559666666666667
Oc1ccc2ccccc2c1,test,-2.28,-2.312993137254902
C#CCCCC,test,-2.36,-2.7196856502923974
C#CCCCCCCC,test,-4.24,-4.5379029166666704
O=c1[nH]cnc2nc[nH]c12,test,-2.296,-1.9323673809523816
Cc1cc(C)c(C)c(C)c1C,test,-4.0,-4.541431142857138
C=C(C)C1CC=C(C)C(=O)C1,test,-2.06,-2.8148469751350884
COc1cc(C2c3cc4c(cc3C(OC3OC5COC(C)OC5C(O)C3O)C3COC(=O)C23)OCO4)cc(OC)c1O,test,-3.571,-4.859529999999999
Cc1ccnc2c1NC(=O)c1cccnc1N2C1CC1,test,-3.19,-3.312610000000002
C=CC(C)(O)CCC=C(C)C,test,-1.99,-2.7055361398176303
C=CCC1(C)C(=O)NC(=O)NC1=O,test,-1.16,-1.8837381954887218
Cc1ccc(-c2ccccc2)cc1,test,-4.62,-4.608895597402597
CCNc1nc(Cl)nc(NC(C)C)n1,test,-3.85,-3.4998300000000016
CCCC(=O)CCC,test,-1.3,-1.6625330701754395
CNc1cnn(-c2cccc(C(F)(F)F)c2)c(=O)c1Cl,test,-4.046,-4.096159444444444
CC(C)C(O)C(C)C,test,-1.22,-1.2542100000000003
CCOP(=S)(OCC)SC(CCl)N1C(=O)c2ccccc2C1=O,test,-6.34,-4.364889999999999
CCSC(=O)N(CC)C1CCCCC1,test,-3.4,-3.8389187499999995
CCc1ccccc1C,test,-3.21,-3.2160142350557237
COc1c(O)c(Cl)c(Cl)c(Cl)c1Cl,test,-4.02,-3.767723105158729
CCOC(=O)c1ccccc1S(=O)(=O)NN(C=O)c1nc(Cl)cc(OC)n1,test,-4.576,-4.024910000000002
COc1ccc([N+](=O)[O-])cc1,test,-2.41,-1.3048199999999988
Nc1ccc(S(N)(=O)=O)cc1,test,-1.34,-1.4148020445344118
Clc1cccc(Cl)c1Cl,test,-4.0,-3.4539516527777785
c1ccc2c(c1)-c1cccc3c1c-2cc1ccccc13,test,-8.23,-8.127919999999998
O=[N+]([O-])c1ccc([N+](=O)[O-])cc1,test,-3.39,-1.2233366666666656
CCOC(=O)CC(SP(=S)(OC)OC)C(=O)OCC,test,-3.37,-2.0109500000000002
CC(=O)Nc1ccc(F)cc1,test,-1.78,-2.745608386832465
CC12CCC(=O)C=C1CCC1C2C(O)CC2(C)C1CCC2(O)C(=O)CO,test,-3.09,-3.331440000000004
O=[N+]([O-])c1ccccc1Cl,test,-2.55,-2.3356476828383186
CN1CC(O)N(c2nnc(C(C)(C)C)s2)C1=O,test,-1.877,-2.47668
Ic1ccccc1,test,-3.01,-2.535600942028987
Oc1cccc(Cl)c1Cl,test,-1.3,-1.8681000000000003
CCCC(=O)OC,test,-1.92,-0.8329366666666665
CCC(=O)Nc1ccc(Cl)c(Cl)c1,test,-3.0,-3.249845519323673
Cc1ccc(N=CN(C)C=Nc2ccc(C)cc2C)c(C)c1,test,-5.47,-5.005249999999999
CCOc1ccc2nc(S(N)(=O)=O)sc2c1,test,-3.81,-2.3881045238095227
CCCC(C)C1(CC)C(=O)NC(=S)NC1=O,test,-3.36,-2.911364999999999
CCCCC1C(=O)N(c2ccccc2)N(c2ccccc2)C1=O,test,-3.81,-4.173829285714285
O=C1Nc2ccc(Cl)cc2C(c2ccccc2)=NC1O,test,-3.952,-3.4749717460317457
CCC(C)(C)Cl,test,-2.51,-3.079509275666166
Nc1ccc([N+](=O)[O-])cc1,test,-2.37,-1.1410149999999988
CCCCCc1ccccc1,test,-4.64,-4.026122796855992
O=C(OCC(O)CO)c1ccccc1Nc1ccnc2cc(Cl)ccc12,test,-4.571,-4.020389999999998
CCCCC(C)O,test,-0.89,-0.7653333333333329
CCCC1CCCC1,test,-4.74,-4.154759166666668
N#CCCCl,test,-0.29,-0.1828277777777778
CC(C)C(C)O,test,-0.18,-0.47311
Cc1nc(N(C)C)nc(OC(=O)N(C)C)c1C,test,-1.95,-2.6147900000000006
CCOP(=S)(OCC)SCn1c(=O)oc2cc(Cl)ccc21,test,-5.233,-4.285889999999998
Clc1ccc(Cl)cc1,test,-3.27,-3.39097985311488
Cc1c[nH]c2ccccc12,test,-2.42,-2.003696399267399
CC(=O)N(c1onc(C)c1C)S(=O)c1ccc(N)cc1,test,-3.59,-3.0055200000000006
ClCC(Cl)(Cl)Cl,test,-2.18,-2.359941735794614
CCCCO,test,0.0,0.17224523809523806
CC1CCCCC1NC(=O)Nc1ccccc1,test,-4.11,-3.7149742857142853
Clc1cc(Cl)cc(Cl)c1,test,-4.48,-4.196240959193656
C=C(C)C(=C)C,test,-2.4,-2.3551483158821696
CCOC(=O)CCN(SN(C)C(=O)Oc1cccc2c1OC(C)(C)C2)C(C)C,test,-4.71,-4.34122
CC1=C2C3OC(=O)C(C)C3CCC2(C)C=CC1=O,test,-3.09,-3.8761533333333325
Cc1ccc(O)c(C)c1,test,-1.19,-1.5866849999999995
ClC(Cl)=C(Cl)C(Cl)=C(Cl)Cl,test,-4.92,-4.85013881944444
Cc1ncc2nccnc2n1,test,-0.12,-1.2766199999999994
c1ccc2c(c1)sc1ccccc12,test,-4.38,-5.23358
Clc1ccc(-c2ccc(Cl)c(Cl)c2Cl)c(Cl)c1Cl,test,-8.01,-7.601759999999995
C=CCCCCC,test,-3.73,-3.3014655791430783
CCCCc1c(C)nc(NCC)[nH]c1=O,test,-3.028,-3.0724900000000006
Fc1ccccc1Br,test,-2.7,-2.639187911643024
CC(O)C(C)(C)C,test,-0.62,-0.7214999999999994
CC1=CC(=O)c2ccccc2C1=O,test,-3.03,-2.9340553283970934
c1ccc2c(c1)ccc1ccccc12,test,-5.26,-5.521366666666666
CCSC(=O)N(CC(C)C)CC(C)C,test,-3.68,-3.751788750000001
Nc1cccc([N+](=O)[O-])c1,test,-2.19,-1.7497930059523799
Cn1cc(-c2ccccc2)c(=O)c(-c2cccc(C(F)(F)F)c2)c1,test,-4.445,-6.39634
Cc1cccc2c(C)cccc12,test,-4.679,-4.250697142857139
NS(=O)(=O)c1cc2c(cc1Cl)NCNS2(=O)=O,test,-2.63,-2.18645649122807
C1=Cc2cccc3cccc1c23,test,-3.96,-4.670300000000001
CCC#CCC,test,-1.99,-2.482195195392292
COP(=S)(OC)Oc1cc(Cl)c(Cl)cc1Cl,test,-5.72,-5.107555000000003
C=CCc1ccc(O)c(OC)c1,test,-1.56,-2.564237376289491
CC1(C)CON(Cc2ccccc2Cl)C1=O,test,-2.338,-3.434257194805194
CCCCOCCO,test,-0.42,-0.8858799999999999
ClCCCCl,test,-1.62,-2.144967258328626
CC12CC1(C)C(=O)N(c1cc(Cl)cc(Cl)c1)C2=O,test,-4.8,-4.17606
c1cc2ccc3ccc4ccc5cccc6c(c1)c2c3c4c56,test,-9.018,-8.736509999999999
CCOP(=S)(OCC)SCSP(=S)(OCC)OCC,test,-5.54,-3.8178217241379313
CN(C)C(=O)NC1CC2CC1C1CCCC21,test,-3.171,-4.144234869976358
CC(=O)CCC1C(=O)N(c2ccccc2)N(c2ccccc2)C1=O,test,-3.27,-4.0970249999999995
CCCC(=O)OCN1C(=O)NC(c2ccccc2)(c2ccccc2)C1=O,test,-5.071,-5.211069999999998
c1cc2ccc3ccc4ccc5ccc6ccc1c1c2c3c4c5c61,test,-9.332,-9.1049
OC(c1ccc(Cl)cc1)(c1cncnc1)c1ccccc1Cl,test,-4.38,-5.0680999999999985
CCCCCCCCC,test,-5.88,-4.61077166666667
CCC(O)C(C)C,test,-0.7,-0.7754999999999995
CCCCCCC,test,-4.53,-3.408946625763126
CC(=O)C1(C)CCC2C3C=C(C)C4=CC(=O)CCC4(C)C3CCC21C,test,-5.27,-4.6185
c1ccc2cc3ccccc3cc2c1,test,-6.35,-5.694609999999998
CC1=CCCCC1,test,-3.27,-3.2834504180977815
CCC(C=O)CC,test,-1.52,-2.0653571649334506
CCCCCCCCCCCCCCO,test,-5.84,-6.276310000000004
CC(=O)c1ccccc1,test,-1.28,-1.6614044255319147
CCN1c2ncccc2C(=S)N(C)c2cccnc21,test,-4.634,-3.515980000000003
C#CCCCCC,test,-3.01,-3.399211955128206
CCOC(=O)c1ccccc1,test,-2.32,-2.3434358223573097
c1ccc2cc3cc4ccccc4cc3cc2c1,test,-8.6,-6.931139999999999
CCOCC,test,-0.09,-0.41016666666666707
c1ccccc1,test,-1.64,-2.160710029330573
C=Cc1ccccc1,test,-2.82,-2.48421960164835
c1ccc2c(c1)Cc1cc3ccccc3cc1-2,test,-8.04,-6.227309999999997
C=CCSS(=O)CC=C,test,-0.83,-2.129265351921471
CCOP(=S)(OCC)Oc1ccc2oc(=O)c(Cl)c(C)c2c1,test,-5.382,-3.9783166666666663
CCCCC(=O)OC1(C(=O)CO)C(C)CC2C3CCC4=CC(=O)C=CC4(C)C3(F)C(O)CC21C,test,-4.71,-4.55571
Oc1c(Cl)cc(Cl)c(Cl)c1Cl,test,-3.1,-3.3931050000000003
CCCCCC,test,-3.84,-2.794149380451129
COC(=O)c1cccnc1,test,-0.46,-0.91419
Clc1ccc(-c2cc(Cl)c(Cl)c(Cl)c2Cl)cc1Cl,test,-7.82,-7.700199999999991
CCc1ccccn1,test,0.51,-1.2215915186877107
Cc1cc(C)cc(O)c1,test,-1.4,-1.687555000000001
CNc1ccccc1,test,-1.28,-1.5818073076923072
C=CCC=C,test,-2.09,-2.2655909577999034
Clc1cccc(Br)c1,test,-3.21,-3.244002420634921
NS(=O)(=O)c1cc2c(cc1Cl)N=CNS2(=O)=O,test,-3.05,-2.2241508662280705
CCC1(C)C(=O)NC(=O)NC1=O,test,-1.228,-1.7327949999999999
CCCCCC(O)CC,test,-1.98,-2.1949900000000007
CCCC(C)CO,test,-1.11,-0.9148999999999994
C=C(Br)CC1(C(C)CC)C(=O)NC(=O)NC1=O,test,-2.647,-2.7740099999999996
CCOC(=O)CC,test,-0.66,-0.6115045238095235
Clc1cccc(Cl)c1-c1ccccc1,test,-5.21,-5.3911971428571395
CC(=O)Nc1ccc([N+](=O)[O-])cc1,test,-2.692,-1.8982599999999992
CCCCCCC(=O)OCC,test,-2.74,-2.8379412499999987
C=CC(O)CCC,test,-0.59,-0.7524999999999994
O=C1NC(=O)C2C3C(C(O)(c4ccccc4)c4ccccn4)=CC(C3=C(c3ccccc3)c3ccccn3)C12,test,-3.931,-5.2580899999999975
CCCCOCCCC,test,-1.85,-3.38329
CCCCOc1ccc(C(=O)OCC)c(N(CC)CC)c1,test,-3.84,-4.208260000000001
CC(C)N(C(=O)SCC(Cl)=C(Cl)Cl)C(C)C,test,-4.88,-4.449123666666666
C=CCCCC,test,-3.23,-2.5923808868310063
Cc1cccc(C)c1NC(=O)c1cc(S(N)(=O)=O)c(Cl)cc1O,test,-3.79,-4.081859999999999
COC(=O)Nc1nc2ccc(C(=O)c3ccccc3)cc2[nH]1,test,-3.88,-3.806770000000003
CNC(=O)Oc1cccc2ccccc12,test,-3.224,-2.9182618961201494
Cc1cncc(C)c1,test,0.38,-1.590815439958591
CCOC(=O)N(C)C(=O)CSP(=S)(OCC)OCC,test,-2.518,-2.256564999999999
CC(Cl)CCl,test,-1.6,-1.896207047297697
Clc1ccc(-c2c(Cl)cccc2Cl)cc1,test,-6.14,-6.041909999999997
O=C(NC(=O)c1c(F)cccc1F)Nc1ccc(Cl)cc1,test,-6.02,-4.098149999999999
CC(C)CCCCCOC(=O)c1ccccc1C(=O)OCCCCCC(C)C,test,-6.637,-6.072280000000003
CCCCCCC(C)=O,test,-2.05,-1.8917183333333338
CN(C)C(=O)NC1CCCCCCC1,test,-2.218,-3.8172761685823757
CCC(O)CC,test,-0.24,-0.6899000000000002
Cc1ccc([N+](=O)[O-])cc1,test,-2.49,-2.5272574517802444
c1ccc2c(c1)c1cccc3ccc4cccc2c4c31,test,-7.8,-8.289089999999998
CCC(=O)CC,test,-0.28,-0.11521666666666669
CNC(=O)Oc1ccccc1C(C)C,test,-2.863,-2.4795499999999993
O=C1NCCN1c1ncc([N+](=O)[O-])s1,test,-3.22,-1.9742499999999992
COP(=S)(OC)Oc1cc(Cl)c(Br)cc1Cl,test,-6.09,-5.222255000000002
CN(C)C(=O)Nc1ccc(Oc2ccc(Cl)cc2)cc1,test,-4.89,-3.7692688888888863
c1ccc(N=Nc2ccccc2)cc1,test,-4.45,-3.318116305916305
Cc1ccc(C(C)C)cc1,test,-3.77,-3.6294733908045975
Cn1c(=O)c2c(ncn2CC(O)CO)n(C)c1=O,test,-0.17,-1.7100900000000003
Brc1ccccc1Br,test,-3.5,-3.179328944444443
Oc1c(Cl)cc(Cl)cc1Cl,test,-2.34,-2.371845425531916
CC(C)C(=O)C(C)C,test,-1.3,-1.7400523461935382
COC1=CC2OC3C=CC(O)=CC3C(=O)C2C(O)=C1,test,-2.943,-3.011104999999999
Sc1ccccc1,test,-2.12,-2.098400454862488
ClC1=C(Cl)C2(Cl)C3C(Cl)C(Cl)CC3C1(Cl)C2(Cl)Cl,test,-6.86,-6.190875
COC(=O)c1ccccc1OC1OC(COC2OCC(O)C(O)C2O)C(O)C(O)C1O,test,-0.742,-2.15444
CCN1c2ncccc2C(=O)Nc2c(C)cc(C)nc21,test,-4.554,-3.9852877777777795
Cc1cccc2c1ccc1ccccc12,test,-5.85,-5.964839999999997
Cc1ccccc1,test,-2.21,-2.260735871529155
CC(=O)OCC(=O)C1(O)C(C)CC2C3CCC4=CC(=O)C=CC4(C)C3(F)C(O)CC21C,test,-4.9,-4.382019999999998
CCCCCOC(C)=O,test,-1.89,-1.7011032
CCCc1ccccc1,test,-3.37,-3.05487613981763
O=C(Nc1ccccc1)c1ccccc1O,test,-3.59,-3.119900000000001
Cc1ccc2c(c1)C(=O)N(C)c1cc(N)ccc1O2,test,-3.928,-3.5683650000000027
