SMILES,inchi_key,rf_logSolubility
Clc1cc(Cl)cc(I)c1,AATPRMRVLQZEHB-UHFFFAOYSA-N,-4.43210172058824
CCCC=C(C)CC,AAUHUDBDDBJONC-UHFFFAOYSA-N,-3.7081000000000013
CCCCOc1cccc(C(C)C(C)(C)O)c1,AAVJMXRDPCEDSV-UHFFFAOYSA-N,-3.561925439393938
CSC(=O)Oc1cccnc1Cl,ABFBLZULOARXAE-UHFFFAOYSA-N,-2.1303399999999995
Cc1nc(S)cc(NC(C)(C)C)n1,ACSXRPCFDZVYEZ-UHFFFAOYSA-N,-2.208133333333335
CCCCCCCCC(C)O,ACUZDYFTRHEKOS-UHFFFAOYSA-N,-3.0119166666666666
CC(=O)Oc1ccccn1,AEMXNRIHRLEYAK-UHFFFAOYSA-N,-1.1593399999999994
CCCC(=O)C=C(C)CC(C)C,AENXMQFKAXKKAO-UHFFFAOYSA-N,-3.0765128571428577
CCN(C)Nc1ccc(Cl)cc1Cl,AESBTFAGFVTWRF-UHFFFAOYSA-N,-4.017199
CCCC(C)C,AFABGHUZZDYHJO-UHFFFAOYSA-N,-3.4922464873949615
CNc1ccccc1,AFBPFSWMIHJQDM-UHFFFAOYSA-N,-1.2347171428571435
CC1=Cc2ncccc21,AFRVVYCBEJJXRO-UHFFFAOYSA-N,-1.6624314578214572
CCN(CCC(=O)COC(C)C)C(=O)OC,AFSIZAMXKIQPDJ-UHFFFAOYSA-N,-2.18705
CC#CC(C)C(O)CCC,AGDOJTDXLNPSET-UHFFFAOYSA-N,-2.2816099999999997
CCOP(=S)(OC)SC(C)CCCCBr,AGHLEFLLSCJAEQ-UHFFFAOYSA-N,-4.2862
O=P(O)(c1ccccc1)c1ccc(Br)cc1,AKHMQBNHOOSVKT-UHFFFAOYSA-N,-4.0244748958053425
CC(Cl)C(CCl)C(C)(Cl)Cl,AKHXDUGLSPXANJ-UHFFFAOYSA-N,-3.9148092857142864
CCCCCCCCCCCCCCCCC(=O)CC,AMCPCQBTXANXJZ-UHFFFAOYSA-N,-6.770259999999999
CC(C)CC(O)CO,AMOCOBXCNIBDMC-UHFFFAOYSA-N,-0.7333000000000002
CCCCCO,AMQJEAYHLZJPGS-UHFFFAOYSA-N,-0.46630000000000055
COCCCC(C)CCCC(C)C,AMRJURJYWRHUNN-UHFFFAOYSA-N,-4.497271190476188
CC#CCCCC,AMSFEMSYKQQCHL-UHFFFAOYSA-N,-3.4305285225885225
CN(C)C(=S)c1ccc(Cl)cc1,ANUVRTDELFGTRW-UHFFFAOYSA-N,-3.3883396593406587
CNc1cccc2cccc-2c1,AOJPGACSIAWOIJ-UHFFFAOYSA-N,-3.2694537391497374
CC(=N)c1ccc(O)cc1,APHXEUXWUCNINA-UHFFFAOYSA-N,-1.2471422222222217
CCC(O)CC,AQIXEPGDORPWBJ-UHFFFAOYSA-N,-0.30199999999999955
C=CCCCC(=O)OC,ASKDFGVMJZMYEM-UHFFFAOYSA-N,-1.5290400000000006
CC(=O)CCN(C)C(=O)Nc1cccc(Br)c1,ASNLRLGSNMVJGL-UHFFFAOYSA-N,-3.579379999999999
CCC,ATUOYWHBWRKTHZ-UHFFFAOYSA-N,-0.7988865891265597
CC(C)COC=O,AVMSWPWPYJVYKY-UHFFFAOYSA-N,-0.958271428571429
CCN1C(=O)C(=O)C(N)C1=O,AVOMMPDAYGLWSD-UHFFFAOYSA-N,-1.4006777777777777
CCCCCCCCC(=O)CCC,AVQSOIZWTINZLU-UHFFFAOYSA-N,-3.9861377777777802
CC1=CNC=CC=C1,AVYSNFDFBYOJQX-UHFFFAOYSA-N,-1.8641533333333324
c1ccn2ccnc2c2ccc-2c1,AXEMSYUCZLFUQL-UHFFFAOYSA-N,-3.025630307692309
O=[N+]([O-])c1c(O)ccc(Cl)c1Cl,AXQJTBIZHUSQNN-UHFFFAOYSA-N,-2.4681089999999983
C1=Cc2cc(c3ccccc3c2)C=C1,AYHKQUGTMSVCJV-UHFFFAOYSA-N,-5.486117692307691
CCCC(=O)C(CC)C(=O)OCC,BAALUFHWWQUIJD-UHFFFAOYSA-N,-2.3531633333333333
CCC(=O)CC1CC2(C)CC(=O)C(C)C2CCSC(CC)C1=O,BABGYVVDBNWYOZ-UHFFFAOYSA-N,-4.080640000000001
CCNN(CC)C(C)C,BATNPGOVWJPLKX-UHFFFAOYSA-N,-2.755420154061626
COc1ccn(O)c1C,BBAOXRZCDXTAGK-UHFFFAOYSA-N,-0.7442049999999998
CCCCCCCO,BBMCTIGTTCKYKF-UHFFFAOYSA-N,-1.7973333333333341
O=[N+]([O-])c1ccc(-c2ccccc2Cl)cc1Cl,BBOGXPIUBPBODV-UHFFFAOYSA-N,-4.496657025641025
CC(=O)C(=O)c1ccccc1P,BBVRUVQZTZJOLP-UHFFFAOYSA-N,-2.6094077998127987
CCCCSC(=O)SCC,BBZGGADYZJFZFY-UHFFFAOYSA-N,-2.621322972972974
CCCC(Cl)CC(O)CC,BCFSPHQHFWHIGX-UHFFFAOYSA-N,-2.5553999999999997
CCCO,BDERNNFJNOPAEC-UHFFFAOYSA-N,0.20170181818181823
CCCCCCCC(C)CO,BEGNRPGEHZBNKK-UHFFFAOYSA-N,-3.2310252777777766
CCOP(=S)(CCNC(=O)OC)OC,BFAVOBCNOJRKKW-UHFFFAOYSA-N,-1.77983
O=[N+]([O-])c1ccccc1Cl,BFCFYVKQTRLZHA-UHFFFAOYSA-N,-2.4976374491570255
CNc1ccccc1C(C)c1ccccc1,BFNYYJMYMZANTK-UHFFFAOYSA-N,-3.863795991709442
CCCOC(=O)SCC,BGFGVJUKPKJGQG-UHFFFAOYSA-N,-1.791541464237517
CCCCCCCCCCCCCC,BGHCVCJVXZWKCC-UHFFFAOYSA-N,-6.995034000000005
CCN(C(=O)NC(=O)NC1CCCC1O)c1ncccc1N,BGOLYISXBYAVAI-UHFFFAOYSA-N,-2.7861300000000004
CCCSCCC(=O)CCC,BGSCTWPWCGRDJP-UHFFFAOYSA-N,-3.318502857142858
COc1ccc(N)cc1,BHAAPTBBJKJZER-UHFFFAOYSA-N,-1.091726666666666
CC=CCSCC,BHFZHOGCQAPTLZ-UHFFFAOYSA-N,-2.8539893034188024
CCCCC=CCCC(=O)CCC,BHIDEVOKDDCWFJ-UHFFFAOYSA-N,-3.565013968253969
CCC1=C(Oc2cc(O)ccc2Cl)C=C1N,BIJCRDIFBQTJOX-UHFFFAOYSA-N,-3.1324825641025655
CCCCCCCCC,BKIMMITUMNQMOS-UHFFFAOYSA-N,-5.471197499999997
CCCCCC(O)C(O)Oc1cc(C)ccc1OC,BKSVNFPPZLJOKS-UHFFFAOYSA-N,-3.039778333333333
NC(=O)c1ccc(Cl)cc1,BLNVISNJTIRAHF-UHFFFAOYSA-N,-1.9126966666666667
COc1ccc(N)cc1O,BLQFHJKRTDIZLX-UHFFFAOYSA-N,-1.2836099999999997
CCCCCC(=O)C(C)O,BNHJODMDMOKFFL-UHFFFAOYSA-N,-1.33068
CCCCCCc1ccccc1C,BNXNQXKAEVKUJG-UHFFFAOYSA-N,-4.564776439393936
O=[N+]([O-])c1ccc(O)c(Cl)c1,BOFRXDMCQRTGII-UHFFFAOYSA-N,-1.3898208333333324
CCc1ccc(C)c(C(=O)NC(=O)OC)c1,BOLRFZJBCULWFF-UHFFFAOYSA-N,-3.3249300000000006
Fc1cc(Cl)c(Cl)cc1Cl,BPLBJDXWALACBD-UHFFFAOYSA-N,-5.1046782539682525
COC(C)(C)F,BPRTUWKUJRPYLH-UHFFFAOYSA-N,-0.27747871794871765
C=Cc1cc(C)cc(Cl)c1,BPUMIZDHQOOZQK-UHFFFAOYSA-N,-4.054152564365458
C=C(C)c1cc(C)c(C(C)C)c(C)c1C,BQTADFASVPNEJT-UHFFFAOYSA-N,-5.563032380952382
COc1ccccc1C(=O)NC1=C(Cl)C(=O)C=C1,BRPVEYQLGRFFKH-UHFFFAOYSA-N,-3.7208100000000015
CCOCCOP(=S)(OCC)SC(=O)OC,BRWSCHYMHHWQMF-UHFFFAOYSA-N,-2.586481428571428
Cc1ccccn1,BSKHPKMHTQYZBB-UHFFFAOYSA-N,0.041699898989899
CC(C)c1ccccc1[N+](=O)[O-],BSMKYQUHXQAVKG-UHFFFAOYSA-N,-2.7920471428571405
CCC(Cl)C(Cl)CCCl,BUEZKHORKNDXQI-UHFFFAOYSA-N,-4.5136813611111135
CN=CCCCC(C)C,BUPIUOGAWISLEL-UHFFFAOYSA-N,-2.5481833333333332
CCON(C)CC,BUSHGUXPEZOYOA-UHFFFAOYSA-N,-0.5727599999999999
CCCCC(C)(C)CC,BVAKDOXCVSMKHE-UHFFFAOYSA-N,-4.4818700000000025
O=C1CCC(O)CC1,BXBJZYXQHHPVGO-UHFFFAOYSA-N,-0.2923199999999998
C=C(C)CO,BYDRTKVGBRTTIT-UHFFFAOYSA-N,0.006160595238095254
COC1=NC([N+](=O)[O-])=C1,BYOMTEPKFAUMLB-UHFFFAOYSA-N,-1.1493995454545456
CCC(=O)OC(=O)NC(C)CC,BYTDTYCBAMFUFE-UHFFFAOYSA-N,-1.9653306428571427
COC(C)(C)C,BZLVMXJERCGZMT-UHFFFAOYSA-N,-0.24878205128205097
COP(O)(=S)OC(C)C,BZUMXZGMKCGHQG-UHFFFAOYSA-N,-0.6007666666666666
CCCCCCC(C)S,BZXFEMZFRLXGCY-UHFFFAOYSA-N,-4.545440000000004
CCOC(C)O,CAFAOQIVXSSFSY-UHFFFAOYSA-N,-0.2078793023643023
CCCC(C)Cc1ccc(OC(C)C)cc1,CBAHJSIGGPIEGS-UHFFFAOYSA-N,-4.274427333333333
C[N+](F)(Br)c1cccc(O)c1,CBQMUGFPZHYEDV-UHFFFAOYSA-O,-1.0182600000000002
CCC(=O)CCC(C)C,CCCIYAQYQZQDIZ-UHFFFAOYSA-N,-1.9714801158301165
CCCCCCCCCCCS,CCIDWXHLGNEQSL-UHFFFAOYSA-N,-4.702946777777778
CCCN(CC)C(C)=CO,CCQYYEZDQUGKHK-UHFFFAOYSA-N,-1.8467266666666675
C#CCCCC(C)CCCCCCC=C,CCRUPFJCYODFSO-UHFFFAOYSA-N,-5.479691666666665
Nc1ccccc1O,CDAWCLOXVUBKRW-UHFFFAOYSA-N,-0.4970799999999996
Clc1cc(Cl)c(Cl)c(Cl)c1Cl,CEOCDNVZRAIOQZ-UHFFFAOYSA-N,-5.429195714285706
CCOP(=S)(OC)Oc1cncnc1C(=O)CC,CEVPPZSVHWYZLP-UHFFFAOYSA-N,-2.657459999999999
CCCCCOC(O)CO,CFIHLFGSTIFVLP-UHFFFAOYSA-N,-0.8634000000000003
Clc1ccc(Br)cc1Cl,CFPZDVAZISWERM-UHFFFAOYSA-N,-3.7739566025641005
CCCC(C)CCC,CHBAWFGIXDBEBT-UHFFFAOYSA-N,-4.62001076923077
COc1ccc(C)cc1,CHLICZRVGGXEOD-UHFFFAOYSA-N,-2.16945490842491
O=C1N=CN2Cc3nccnc3C=C12,CHVPVDFXONJXLZ-UHFFFAOYSA-N,-1.9918150000000006
CCCCCCCCCCCC(C)C,CJBFZKZYIPBBTO-UHFFFAOYSA-N,-5.639955
Clc1ccc(-c2cccc(Cl)c2)cc1,CJDNEKOMKXLSBN-UHFFFAOYSA-N,-5.922989999999994
Clc1c(Cl)c(Cl)c(Cl)c(Cl)c1Cl,CKAPSXZOOQJIBF-UHFFFAOYSA-N,-5.6330399999999985
NC(=O)Cl,CKDWPUIZGOQOOM-UHFFFAOYSA-N,0.01163156565656566
CCCCc1ccccc1CCO,CKWCIUVYTWJWOL-UHFFFAOYSA-N,-4.0224311562671025
CCCCCCCCC(C)C,CNPVJWYWYZMPDS-UHFFFAOYSA-N,-4.7678716666666645
Cc1cccnc1NC(C)C(C)C,CPBFZKFJHAHSIN-UHFFFAOYSA-N,-3.166805714285714
COC(=O)CC(Br)OC(C)C,CQNNOLFLPSWBHM-UHFFFAOYSA-N,-1.6936799999999996
COC(C)(C)C(C)C,CQORYVKHJKAITO-UHFFFAOYSA-N,-2.013796666666668
CCCC1=CC=C(NNC)C=C(Cl)C=CC=C2NC(=O)NC(=O)N(C)C12,CRACJNJSIJUFJT-UHFFFAOYSA-N,-3.799106666666666
CC1(C)CCCCCC1,CRGBHZNMDZJGAI-UHFFFAOYSA-N,-3.63944076923077
Clc1cccc(-c2cccnc2)c1,CRQZOMYXIFKGSG-UHFFFAOYSA-N,-4.170374213716108
CC(C)=O,CSCPPACGZOOCGX-UHFFFAOYSA-N,0.18800688311688327
Nc1ccc(Cl)cc1F,CSFDTBRRIBJILD-UHFFFAOYSA-N,-2.0457183333333337
O=C1NC(c2ccccc2)N1,CTDMEFYREKMWDK-UHFFFAOYSA-N,-1.7657147727272726
CCCSP(C)(=O)OC,CTPRGXVVLJZABD-UHFFFAOYSA-N,-1.1974006666666666
Cc1ccccc1C,CTQNGGLPUBDAKN-UHFFFAOYSA-N,-2.8595295093795112
c1ccc2cccc-2cc1,CUFNKYGDVFVPHO-UHFFFAOYSA-N,-3.7562823827561362
Nc1cccnc1,CUYKNJBYIJFRCU-UHFFFAOYSA-N,0.30172000000000015
Nc1cccc(O)c1,CWLKGDAVCFYWJK-UHFFFAOYSA-N,-0.35598555555555533
COC(O)CC(C)O,CWOCXSLYYAPBAD-UHFFFAOYSA-N,-0.4898266666666665
CCNc1ccccn1,CXGFWBPQQXZELI-UHFFFAOYSA-N,-0.6891604385964911
CCCCC[IH]CCC,CXGIOTWILUYRHO-UHFFFAOYSA-N,-3.479714642857144
CCCCCCC([N+])O,CXMXHNWCCBKATN-UHFFFAOYSA-N,-1.6910333333333336
CCCOC(=O)OCC,CYEDOLFRAIXARV-UHFFFAOYSA-N,-1.0920899999999996
CCCCCCCCCCCC(C)=O,CYIFVRUOHKNECG-UHFFFAOYSA-N,-4.528103787878789
CCCBr,CYNYIHKIEHGYOZ-UHFFFAOYSA-N,-0.9670997565147271
CCc1ccc(N)c(N)c1C,CYQQWUNDOAHVHA-UHFFFAOYSA-N,-2.4388280000000004
O=[N+]([O-])c1ccc(Cl)cc1,CZGCEKJOLUNIFY-UHFFFAOYSA-N,-2.746927692307691
OCC(S)c1ccccn1,CZYYTCPBEOCGNY-UHFFFAOYSA-N,-1.0115000000000007
CCc1nc(OC)ccc1C,DARFVYGOWOHHPP-UHFFFAOYSA-N,-1.6734571428571423
CCCCCOC,DBUJFULDVAZULB-UHFFFAOYSA-N,-1.3893765424925948
CCCCCCCCCCCCCCCC,DCAYPVUWAIABOU-UHFFFAOYSA-N,-7.7755099999999935
CCOC(C)CO,DEDUBNVYPMOFDR-UHFFFAOYSA-N,-0.4681333333333335
CCOC(=O)NC(O)c1ccc(O)cc1,DEPMNRRKBRFHRS-UHFFFAOYSA-N,-2.204169999999999
FC(Cl)c1ccccc1,DFBOAQFUHCAEAE-UHFFFAOYSA-N,-2.9357696886446885
C=CCCCC(C)C,DFVOXRAAHOJJBN-UHFFFAOYSA-N,-4.223270769230771
CCOP(=S)(CC(=O)CO)OCC,DIJCQQFKBYNPEM-UHFFFAOYSA-N,-2.1284300000000003
CCCCCCCCCC,DIOQZVSQGTUSAI-UHFFFAOYSA-N,-4.860331777777776
CCCCOC(=O)OCC,DISYGAAFCMVRKW-UHFFFAOYSA-N,-1.5939684848484839
CCC(C)NC(=O)OC(C)C,DJQZGNBRDXMQFL-UHFFFAOYSA-N,-2.177425049707602
CCP(C)(C)=O,DKPBGPGFLDMHRG-UHFFFAOYSA-N,0.010692249417249413
CCCCOC(C)=O,DKPFZGUDAPQIHT-UHFFFAOYSA-N,-1.2742499999999999
CCCCCCCCCCCOC(C)O,DKRROTSMOGOMMB-UHFFFAOYSA-N,-4.137609999999999
CCCOP(=S)(OCC)OCC,DLBRCQYTTYKQKO-UHFFFAOYSA-N,-2.688875357142858
CCOc1ccccc1,DLRJIFUOBPOJNS-UHFFFAOYSA-N,-2.069682938596493
C=CCCCCCC(C)C,DMFDIYIYBVPKNT-UHFFFAOYSA-N,-4.576119523809525
CC(=O)C(=O)OC(=O)c1cc1=O,DMLRQNCMBHDODR-UHFFFAOYSA-N,-1.7002000000000002
CCC(=O)Oc1ccc(-n2ccnc2NC(C)C)[nH]n(Oc2ccccc2)cc1,DMUKBDICPHNRSR-UHFFFAOYSA-N,-3.7836899999999996
Clc1nc(Cl)c(Cl)c(Cl)c1Cl,DNDPLEAVNVOOQZ-UHFFFAOYSA-N,-3.32524303030303
CC(O)CO,DNIAPMSPPWPWGF-UHFFFAOYSA-N,0.24983392857142864
CCOC(O)CC(C)C,DNSHZCSCZMIZSY-UHFFFAOYSA-N,-0.8394599999999997
O=[N+]([O-])n1cccc1,DOBFKROMXSVVSF-UHFFFAOYSA-N,-1.5382539403864106
Cc1cc(NC(=O)N(C)C)cc(C(C)C)c1,DQSKPXXFZPYCQY-UHFFFAOYSA-N,-3.6007850000000015
CCCOc1ccccc1,DSNYFFJTZPIKFZ-UHFFFAOYSA-N,-2.2515936363636353
Cc1cc(N)cc(O)c1C,DVECBUWKXMPCAA-UHFFFAOYSA-N,-1.5890255555555557
C1=Cc2cc(c3cccc-3[nH]2)N=C1,DVTVISPPOJBLTG-UHFFFAOYSA-N,-2.8338049999999995
COC(=O)CC(C)(C)C,DXBOTVWRXLQVMG-UHFFFAOYSA-N,-1.6158035190476183
CCSP(=O)(CC)COC(=O)c1cc(N)ccc1C,DYFYFQGFBRZUEU-UHFFFAOYSA-N,-3.7952499999999985
CC(N)COC(Cl)[N+](=O)[O-],DYQKTNVYWIRFIQ-UHFFFAOYSA-N,-1.1032766666666662
CCN(CC)C(O)C(C(Cl)Cl)C(Cl)C(Cl)Cl,FAAZLEYDDNESMP-UHFFFAOYSA-N,-3.1788871428571412
CCN1C=C(O)C(OC)=CC=N1,FCAFYOUMDPEGFZ-UHFFFAOYSA-N,-1.1322800000000002
CCCCOC(=O)C(C)(C)C,FCDMDSDHBVPGGE-UHFFFAOYSA-N,-2.48792
CSC(=O)OC(C)C,FCSPEZUKBDCHHU-UHFFFAOYSA-N,-0.8496399999999993
CCC(C)(C)C(C)O,FCUOIGTWJDBTHR-UHFFFAOYSA-N,-1.0709
Cc1ccc(OC(C)(C)C)cc1,FETIWDPIODONQB-UHFFFAOYSA-N,-3.372278642857143
CC(=O)CCC(C)C,FFWSICBKRCICMR-UHFFFAOYSA-N,-1.5787325413936932
CSCCC=CCCC=O,FGFXBXGDMUVQBS-UHFFFAOYSA-N,-3.2075632142857153
CCOP(=S)(COC(C)C)OCC,FHWLMLMZUWSLCY-UHFFFAOYSA-N,-2.5802550000000006
CC1=CC(=O)C=N1,FIEWFVPXGTVWCI-UHFFFAOYSA-N,-0.3867845454545455
Clc1cccc(Cl)n1,FILKGCRCWDMBKA-UHFFFAOYSA-N,-0.43749416666666646
C=CC#CC,FILUFGAZMJGNEN-UHFFFAOYSA-N,-2.1223478608084836
CC(CO)COC(C)C,FISVCANEQCZAML-UHFFFAOYSA-N,-0.9961099999999999
CCCCCNC(=O)OCC,FIUGUPUPNOFJRF-UHFFFAOYSA-N,-2.084658501274552
CCOC(=O)OCc1ccccc1,FJLGSLSITVQVRJ-UHFFFAOYSA-N,-3.038386666666666
CC(=Cc1ccccc1O)OC(C)C,FJRZUQRMXGVEDL-UHFFFAOYSA-N,-2.8888914529914533
C=S(CC)SC,FKLWPBZVPLPJEZ-UHFFFAOYSA-N,-1.3435645772005782
CCCCNc1ccc(OCCC)c(C)c1,FKMZQMLTPFLEED-UHFFFAOYSA-N,-4.091473722222223
CCOC(=O)CC,FKRCODPIKNYEAC-UHFFFAOYSA-N,-0.7500715384615373
CCCCOC(=O)C(C)CCC,FMVUGLMJUHFPSJ-UHFFFAOYSA-N,-3.07079
CCNCC(C)C,FNLUJDLKYOWMMF-UHFFFAOYSA-N,-2.3380890453785987
CCCCCCCC(O)CCC,FNORHVDKJWGANC-UHFFFAOYSA-N,-2.943206666666665
CCCCCCCCCCCCCCC(C)C,FNWWOHKUXFTKGN-UHFFFAOYSA-N,-7.412479999999996
CC(C)C(=O)NC(=O)N(C)C,FNXCZRICQUOEHN-UHFFFAOYSA-N,-1.6790099999999994
CCC1=CC(C)=CC=C(C(C)C)C(SN(C)C(=O)NOC)=C1,FOHATHPYJILXGT-UHFFFAOYSA-N,-5.2090499999999995
COc1cccc(OC)c1C,FPEUDBGJAVKAEE-UHFFFAOYSA-N,-1.3639099999999993
CO[PH](=O)(=O)c1ccccc1,FPNJPEMLHIUILP-UHFFFAOYSA-N,-1.773497803030302
Clc1ccc(-c2ccccc2)cc1,FPWNLURCHDRMHC-UHFFFAOYSA-N,-4.71526966083916
NC(=O)C1=Nc2ncccc21,FRCWUGARTYCDJN-UHFFFAOYSA-N,-1.740916666666667
C=C(CC)SCCCCCC,FRJXJANNFQVXDO-UHFFFAOYSA-N,-4.708293444444443
CSC1=NC2=NN=CC2=C1,FSCQAVPEJMVXPH-UHFFFAOYSA-N,-1.2462639999999998
CC1=CC=C([N+](=O)[O-])C1=O,FUVRCRDMTJFCHC-UHFFFAOYSA-N,-1.5864936507936513
CCC(C)OC,FVNIMHIOIXPIQT-UHFFFAOYSA-N,-0.5769133333333334
CCOC(=O)CC(=O)C(C)=NC,FVNYBGYMZGAWCU-UHFFFAOYSA-N,-1.1777399999999998
O=C(O)Oc1cccc([N+](F)(F)F)c1,FYAONARPKLZLFX-UHFFFAOYSA-O,-2.2829973724082935
CC(=O)Nc1ccccc1,FZERHIULMFGESH-UHFFFAOYSA-N,-1.4716271052631575
Clc1ccc(Cl)c(Cl)c1Cl,GBDZXPJXOMHESU-UHFFFAOYSA-N,-4.62603825396825
CCNC(=O)OCCC(C)C,GBHCAUXEYOATDB-UHFFFAOYSA-N,-1.9166410256410251
COc1ccc(C)c(CCn2cccc2C)c1,GCXGVAWNOWGBQQ-UHFFFAOYSA-N,-4.089782974358975
CCCCCC(O)CO,GCXZDAKFJKCPGK-UHFFFAOYSA-N,-1.3930000000000007
C=C(C)C(C)=CCCC,GCZPADUEJDJXBH-UHFFFAOYSA-N,-3.943221428571431
CC(C)(C)SCCCO,GDDMGWCYODCSIR-UHFFFAOYSA-N,-1.9787499999999993
CC1CCCC1,GDOPTJXRTPNYNR-UHFFFAOYSA-N,-3.3739797619047662
CC1=C(O)C(=O)C(C(C)(C)C)=C1,GECWYKVEKNBOBQ-UHFFFAOYSA-N,-2.7537761904761906
CCc1cc(Cl)c(Cl)cc1Cl,GEHSSDLJJSJBLT-UHFFFAOYSA-N,-5.000668939393938
O=C1CC(=O)C(=O)C1=O,GFENNDYJHQZTSZ-UHFFFAOYSA-N,-0.5328468775668778
CC=CCC(C)C,GHBKCPRDHLITSE-UHFFFAOYSA-N,-3.4034318228438236
C=C(C)SCCCCC,GHRKZTOWJSGHMN-UHFFFAOYSA-N,-4.483170769230771
C#CC(C)O,GKPOMITUDGXOSB-UHFFFAOYSA-N,0.19799870129870134
CCCCCOCCCC=O,GMNNTFIBUKUKEY-UHFFFAOYSA-N,-3.386322857142858
COc1ccc(Nc2ccccc2)c2ccccc12,GNKYIYWLMFSFDJ-UHFFFAOYSA-N,-4.14712
CCN(C)CC,GNVRJGIVDSQCOP-UHFFFAOYSA-N,-1.682508712121213
CCCCCC(C)NC(C)C,GORHWOUACWIXSD-UHFFFAOYSA-N,-4.4909928571428575
CN=C(C)C,GPASKFIFXOCRNP-UHFFFAOYSA-N,0.18607891608391622
CC(C)(C)Nc1ccc(O)cc1,GQAOJCJXXMCHMX-UHFFFAOYSA-N,-1.9587999999999997
NC(Cl)C(Cl)Cl,GQEQECBPTWASSF-UHFFFAOYSA-N,-1.7830195164510863
CCCCCCCc1cccc(NC(C)C)n1,GQJSRYHUDZYYFM-UHFFFAOYSA-N,-4.273034454545454
CCCCCCCCC(O)CCCC,GRDYSMCYPTWIPT-UHFFFAOYSA-N,-3.942383333333333
Oc1cccnc1,GRFNBEZIAWKNCO-UHFFFAOYSA-N,0.5988100000000005
CCC(=O)OCC(C)C(O)CC,GRWIYERGGXHXIS-UHFFFAOYSA-N,-1.9821628571428582
CCCCCCCCCOc1ccccc1,GSGDTSDELPUTKU-UHFFFAOYSA-N,-4.613126287878786
CC(C)Oc1ccc([N+](=O)[O-])cc1,GSOJVDNLACMALV-UHFFFAOYSA-N,-2.340822857142856
O=CCn1oc(=O)c(=O)[nH]c1=O,GSXDXVHEQVKCJX-UHFFFAOYSA-N,-1.4894133333333328
COC(N)=O,GTCAXTIRRLKXRU-UHFFFAOYSA-N,-0.470780566649037
CCCCCCCCCC(C)C,GTJOHISYCKPIMT-UHFFFAOYSA-N,-4.852741666666666
CCCCCCCOC,GTQXEQRIVGXSAE-UHFFFAOYSA-N,-3.0499800000000006
C=CCC1CCC2C(C)C(C)OC(=O)C3C(=O)CCC2C1CCC3OC(=O)NOC(=O)OCCC,GUBCQOVQMGQSEC-UHFFFAOYSA-N,-5.83096
Nc1cc(Cl)c(Cl)cc1Cl,GUMCAKKKNKYFEB-UHFFFAOYSA-N,-2.921061470588234
CCCCCCCCCOCCCC,GUMQAMJLPBGQLH-UHFFFAOYSA-N,-5.3370467777777755
CCCC(C)C(=S)OC,GUUYZZGIGMZCIV-UHFFFAOYSA-N,-1.7917572161172162
CCNc1cccc(C)c1C(=O)C(O)C(=O)C(C)(C)CO,GWMYJDWXFGZHNU-UHFFFAOYSA-N,-3.2717499999999995
CCc1ccc(OC)cn1,GWPCZOQHIBKZHD-UHFFFAOYSA-N,-1.3073599999999994
CCCCC(C)C,GXDHCNNESPLIKD-UHFFFAOYSA-N,-3.9301333333333326
CNC(NC1=C(Cl)C(N)=N1)C(=O)O,GXHUXFQZEOOWIB-UHFFFAOYSA-N,-1.37926
O=Cn1c([O-])cc([N+](=O)[O-])c1Cl,GYWCUQFPPPEXCT-UHFFFAOYSA-M,-2.06863
Oc1ccc(Br)cc1,GZFGOTFRPZRKDS-UHFFFAOYSA-N,-1.010830000000002
CC(=O)CCN(C(C)C)C(C)C,GZPJKKRPPQCSFN-UHFFFAOYSA-N,-2.6148363636363645
CCNC(=O)OCC,GZXSDYYWLZERLF-UHFFFAOYSA-N,-0.740632857142857
Cc1ccc(Cl)c(=O)c(N(C)C)c1,HAKKHAYXPFUFJX-UHFFFAOYSA-N,-3.229614545454546
CCCCCC(C)(C)CCC,HARRKRKVTQABSF-UHFFFAOYSA-N,-4.305234523809522
CC(F)(Cl)C(Cl)C(Cl)Cl,HCPJTAZMNOEMEO-UHFFFAOYSA-N,-4.1331240000000005
CCOC(=O)C(C)CC,HCRBXQFHJMCTLF-UHFFFAOYSA-N,-1.5104138095238087
Cc1ccc(NC(=O)S)cc1,HCRLLKWHMZNNKR-UHFFFAOYSA-N,-2.052662105263158
CCC(O)C(C)=O,HDKKRASBPHFULQ-UHFFFAOYSA-N,-0.2842560714285715
CCC1OC2=CC=CC=C1C(=O)N2CC,HEQVFDHKRSUUNM-UHFFFAOYSA-N,-3.2201579999999996
Cc1ccc(C)cc2c([nH]c1)C1C(Cl)C(O)C(=C2)C1(F)OCl,HFDFKPRNUCWBGR-UHFFFAOYSA-N,-5.079929999999999
CCCNC(=O)c1ccc(Br)cc1,HFHYZJDMVOCWSV-UHFFFAOYSA-N,-3.4041230769230766
Cc1ccc(C(C)C)cc1,HFPZCAJZSCWRBC-UHFFFAOYSA-N,-3.7859324891774873
CCC=C(C)CNCC,HFSNVBDXCGLGDD-UHFFFAOYSA-N,-3.694067777777779
Oc1ccc(Cl)cc1Cl,HFZWRUODUSTPEG-UHFFFAOYSA-N,-1.5452000000000006
CCOC(=O)C(C)(C)C,HHEIMYAXCOIQCJ-UHFFFAOYSA-N,-1.510053333333333
COC1=CC=C(C)S(C)=C1,HIELNAOVBOXDFH-UHFFFAOYSA-N,-1.1920099999999991
CCOC([O-])C(C)CC(=O)OC,HJHCSJNMPASLET-UHFFFAOYSA-N,-1.41177
C=CCc1ccccc1,HJWLCRVIBGQPNF-UHFFFAOYSA-N,-3.063943536685536
CCCCCCCCCCCCCCO,HLZKNKRTKFSKGZ-UHFFFAOYSA-N,-5.897083999999998
CCCCC(=O)OC,HNBDRPTVWVGKBR-UHFFFAOYSA-N,-1.3787500000000015
CCSC(=O)CC,HNEVHBHRLCAKKQ-UHFFFAOYSA-N,-0.7886673333333326
C=CSC(=O)OCC=O,HNJRRTIDMYQJCT-UHFFFAOYSA-N,-0.9789099999999994
C=CN(C(=O)Cc1ccccc1C(C)NC=O)C(C)C,HNLXLDDEVSORLZ-UHFFFAOYSA-N,-4.017536116550117
CCC(C)(C)C,HNRMPXKDFBEGFZ-UHFFFAOYSA-N,-3.428154848484852
Cc1cccnc1C,HPYNZHMRTTWQTB-UHFFFAOYSA-N,-0.009910357142857184
CCCCCCCCCC(C)CCCO,HQRMPLWJXSABAL-UHFFFAOYSA-N,-5.4021862820512805
CCCCCOC(O)CC,HRDPFSGJSQGPIW-UHFFFAOYSA-N,-1.99345
CCCCCOC=CC(=O)OC,HREYOTDPYUZAJF-UHFFFAOYSA-N,-1.834957142857142
CC(C)=CCC(C)(C)C,HRQAGBJHQCEBBY-UHFFFAOYSA-N,-4.110247206349208
Fc1nc(Cl)ccc1Cl,HSMXRIRLEUPWQU-UHFFFAOYSA-N,-1.105112220893141
Oc1ccc(Cl)c(Cl)c1Cl,HSQFVBWFPBKHEB-UHFFFAOYSA-N,-2.5144999999999977
CCCCCCC1C(=O)CNC(=O)NC(=O)NC1=O,HSVKVQSYTAALNT-UHFFFAOYSA-N,-2.7131399999999997
CCCCCCCSCC(=O)OC,HTPKHJAVGQDPEF-UHFFFAOYSA-N,-4.242018787878788
CCCCCCC(C)(C)CC,HTRYNYZYFGHKDV-UHFFFAOYSA-N,-4.354245249999998
c1cc2cc-2c1,HUFDRQJZVCFXDB-UHFFFAOYSA-N,-2.4187410437895434
CCN(CC)C(=O)OC(=O)Cc1ccc(Br)cc1,HUJVOFXBRGIXIT-UHFFFAOYSA-N,-4.381214285714283
CNSC(=O)NC(=O)C=CC(=O)CC(C)C,HUYZBQXOTYLTMV-UHFFFAOYSA-N,-1.8472235000000004
CCN1C(=O)C(O)CC(=O)C1(O)CC1CCCCCC(=O)OCC(O)CCC2(CC=CCC2(CC)C(=O)C=O)C1(C)Br,HVGICOITMMRMMC-UHFFFAOYSA-N,-4.580999999999999
Clc1cccc(Br)c1Cl,HVKCZUVMQPUWSX-UHFFFAOYSA-N,-3.6388121434121423
CCCCCCOC(C)O[PH](=O)c1ccccc1Cl,HWBOEYGVTIKJDZ-UHFFFAOYSA-N,-4.767679166666665
CCSCCCCCC(C)C,HXUCZXCYXLORLL-UHFFFAOYSA-N,-4.5974145238095225
CON1N=CC=CC(C)=C1F,HXWCKCDHUFIXOW-UHFFFAOYSA-N,-1.7244523999999992
CC1CCOC(=O)C(C)C1C,HXXNKVCEOSGNIP-UHFFFAOYSA-N,-2.5070661904761895
C#CCCCC(C)=O,HYDAEDXXFPPLQI-UHFFFAOYSA-N,-1.4556305901116429
CCC(=O)C(C)C,HYTRYEXINDDXJK-UHFFFAOYSA-N,-0.6497393939393941
CCCOC(=O)OCCCCO,HZFNENWHHVCEBT-UHFFFAOYSA-N,-1.3172899999999996
CCC(C)CCCC(=O)OC,HZOIXYISXJHGBI-UHFFFAOYSA-N,-2.576782972972974
CNP(=S)(OC)C(O)c1ccc(O)cc1,IALQCSUORSBLDB-UHFFFAOYSA-N,-1.8941499999999993
CCCCCC(C)CCC,IALRSQMWHFKJJA-UHFFFAOYSA-N,-4.829085218253966
CCC(C)OC(=O)Nc1ccccc1,IAZMIVQLMAXXLT-UHFFFAOYSA-N,-3.0450916666666656
CCN(C)CCCC(C)C,IBIZMOJVQCIOHO-UHFFFAOYSA-N,-4.029100000000001
O=C1OC2C(=CC=C(Cl)OC3=CC=CC=C(F)N2CCC(O)C(O)C3)C1OC(O)(CCl)C(Cl)Cl,IBXGXCXQZAUPJM-UHFFFAOYSA-N,-3.804190000000001
CCCCCCOC,ICBJCVRQDSQPGI-UHFFFAOYSA-N,-2.054883771929825
CCOCCCCCC=O,ICCTYERDPTXYLD-UHFFFAOYSA-N,-2.789402857142857
CCCCCCCC(O)CC,ICEQLCZWZXUUIJ-UHFFFAOYSA-N,-2.7869166666666674
CCCCC(=O)OCC,ICMAFTSLXCXHRK-UHFFFAOYSA-N,-2.081973652789705
Nc1ccccn1,ICSNLGPSRYBMBD-UHFFFAOYSA-N,0.05879999999999999
Cc1ccc(S)cc1C,IDKCKPBAFOIONK-UHFFFAOYSA-N,-2.8684431068931064
Cc1ccc(C)c(C(=O)Oc2ccc3cccc-3nc2)n1,IEAQRXPRVXUILD-UHFFFAOYSA-N,-4.198810000000001
COC(=O)OC,IEJIGPNLZYLLBP-UHFFFAOYSA-N,-0.27086156410256396
CCOC(C)=S,IEPFHYMMMGMRNF-UHFFFAOYSA-N,-0.170323941058941
CC1C(=O)OCCCC1C(=O)c1ccccc1NCCN(C)C,IFMFBVXCAGVRLI-UHFFFAOYSA-N,-3.70957
Cc1cccc(NC(C)C)c1,IGDKJXXPUDSVMV-UHFFFAOYSA-N,-2.992331428571428
CCCCCCC(C)C(C)C,IGJRNTLDWLTHCQ-UHFFFAOYSA-N,-4.648379999999998
CCCCCCC(C)CO,IGVGCQGTEINVOH-UHFFFAOYSA-N,-2.7886874999999987
CCCC(=O)Oc1ccccc1,IGVPBCZDHMIOJH-UHFFFAOYSA-N,-2.611757311577311
CCCCCCSCCCCN(C)C(=O)CC,IHZWTYJJMKFRQS-UHFFFAOYSA-N,-4.776271666666666
CC=CCCCCCC,IICQZTQZQSBHBY-UHFFFAOYSA-N,-4.388471126373629
CCNc1cccc(C)c1C,IILPUHXLVPEPAV-UHFFFAOYSA-N,-3.092914000000001
CCCCCCCCCCCCC,IIYFAKIEWZDVMP-UHFFFAOYSA-N,-5.5625701111111105
CCCC,IJDNQMDRQITEOD-UHFFFAOYSA-N,-1.0663168676258388
O=C1C=CC=C1CO,IJYBSVNKHCXDHH-UHFFFAOYSA-N,-0.4172999999999999
CCCCOC(=O)C=C(C)C,IJZWZSGPEJOCHI-UHFFFAOYSA-N,-2.370724444444445
COc1cc2ccccc2[nH]1,IKCZUPRWPVLSLF-UHFFFAOYSA-N,-2.3361211904761907
CC=O,IKHGUXGNUITLKF-UHFFFAOYSA-N,0.07300771645021648
Nc1ccc(I)[n+]([O-])c1O,ILBUSHBZPYITEL-UHFFFAOYSA-N,-1.8276790316350318
C=C(NC(=O)C=C(C)OCCC)OC,ILCDSVYYDDKBPE-UHFFFAOYSA-N,-1.8702300000000007
CC=CCCCCC,ILPBINAXDRFYPL-UHFFFAOYSA-N,-4.026310769230769
CCCCCCC,IMNFDUFMRHMDMM-UHFFFAOYSA-N,-4.121799999999993
C=CBr,INLLPKCGLOXCIV-UHFFFAOYSA-N,-0.8322040018249723
CCC(C)(C)CCSC,IOBSWLURCQXAKW-UHFFFAOYSA-N,-4.3048066666666704
CCOP(=S)(OC)C(=O)CC,IQARIRNSVQSTHG-UHFFFAOYSA-N,-1.0113099999999995
CCC(O)C(=O)Oc1ccccc1S(C)=O,IQGVVRMUDIRAJL-UHFFFAOYSA-N,-2.6593600000000004
CCOc1ccc([IH]C)cc1,IQPYYRJYKQFUON-UHFFFAOYSA-N,-2.5682650000000007
CCOC(C)CC(=O)SC,IQQSGNNCADZOEK-UHFFFAOYSA-N,-1.6960171428571433
O=[N+]([O-])c1ccccc1O,IQUPABOKLQSFBK-UHFFFAOYSA-N,-1.6975214285714286
C=C(C)CCCC,IRUDSQHLKGNCGF-UHFFFAOYSA-N,-3.4766176066726064
Oc1ccccc1Cl,ISPYQTSUDJAMAB-UHFFFAOYSA-N,-0.9971600000000009
Oc1ccccc1,ISWSIDIOOBJBQZ-UHFFFAOYSA-N,-0.2704333333333333
CCC(C)C(O)C(C)C(C)=C(C)N,ITCIWRIPUXZVNO-UHFFFAOYSA-N,-2.43863
Cc1cccnc1,ITQTTZVARXURQS-UHFFFAOYSA-N,-0.4727278571428571
C#CCC(O)C=O,IUKVULKYNUKQPA-UHFFFAOYSA-N,-0.33413666666666664
CCNC(=O)Oc1ccccc1O,IUXSWMSQLMVNCM-UHFFFAOYSA-N,-1.9558860728744936
CCCCOC(=O)NS(O)(=S)(CC)CCC,IVCLWTMYVHJRIH-UHFFFAOYSA-N,-3.0683500000000015
CN[N+](=O)c1ccc(O)cc1,IVTIYJPHPWBPEP-UHFFFAOYSA-O,-0.8830999999999993
Cc1ccc(O)cc1,IWDCLRJOBJJRNH-UHFFFAOYSA-N,-0.8111999999999999
CCCCCNc1nc(C)nc(OC(C)C)n1,IWEZDCGWSCQGLW-UHFFFAOYSA-N,-3.563410000000001
CCC(C)CCO,IWTBVKIGCDZRPL-UHFFFAOYSA-N,-0.819
CCOC(=O)OC(C)=O,IXFVFNWPPCEKMG-UHFFFAOYSA-N,-0.9247499999999998
CCCOC(=O)CCOCC,IYVPXMGWHZBPIR-UHFFFAOYSA-N,-1.550577105263158
CC(=O)CCCOC(=O)CO,IZIRINGWVAYWEG-UHFFFAOYSA-N,-1.2258000000000002
Oc1c(Cl)c(Cl)c(Cl)c(Cl)c1Cl,IZUPBVBPLAPZRR-UHFFFAOYSA-N,-4.310761249999994
CC=CCC(=CC)C(C)(C)C,JABOWFVQBZPHCZ-UHFFFAOYSA-N,-3.7316680566100557
CCCC=CCCCCCC,JABYJIQOLGWMQW-UHFFFAOYSA-N,-4.310178968253967
CCCCCC=O,JARKCYVAAOWBJS-UHFFFAOYSA-N,-1.4630799999999997
Nc1ccc2ccccc2c1,JBIJLHTVPXGSAM-UHFFFAOYSA-N,-2.5943608974358963
CCCOC(C)(O)CC,JBKRTXHRKOBTEF-UHFFFAOYSA-N,-0.8997299999999998
CCOC(=O)OC,JBTWLSYIZRCDFO-UHFFFAOYSA-N,-0.7099028571428573
O=C1CCCOC1c1ccccc1,JCMIQSZPXCMMGQ-UHFFFAOYSA-N,-2.926088999999999
CCCC(C)CCC=C(C)CC,JDVHIXVXTAPPPI-UHFFFAOYSA-N,-4.576495111111109
CC1=NC(=O)C=C1F,JDWRUECLIXCYNR-UHFFFAOYSA-N,-1.088526579365079
O=C1NCC(CO)N1,JDXWVZWFFCLGPU-UHFFFAOYSA-N,-0.3130245454545455
O=S([O-])c1ccccc1,JEHKKBHWRAXMCH-UHFFFAOYSA-M,-1.6494811363636375
CCC=C(C)CC(N)=O,JEIROEQAHGPJGW-UHFFFAOYSA-N,-1.6492341111111104
Nc1ccc(Nc2ccc(O)cc2)c(Cl)c1Cl,JFKQPFIGLPISEG-UHFFFAOYSA-N,-4.1165600000000016
CCCOP(=S)(OCC)OCC(C)O,JHZAQLRKLBJGMH-UHFFFAOYSA-N,-2.1271299999999997
CCCOC(C)C,JIEJJGMNDWIGBJ-UHFFFAOYSA-N,-1.2698971052631594
CCCOP(=S)(CC)OCC,JIOUTARZEODPBX-UHFFFAOYSA-N,-2.3349628571428576
C1CCCCCCCCCCCCCCC1,JJWIOXUMXIOXQN-UHFFFAOYSA-N,-6.9304966666666665
Cc1cccc(N)c1,JJYPMNFTHPTTDI-UHFFFAOYSA-N,-1.215854999999999
CCN(C(C)=O)C(C)C,JKLZTFPCUURRBF-UHFFFAOYSA-N,-1.3063497222222227
Oc1ccc(Cl)cc1I,JKPLMQJLGBBFLO-UHFFFAOYSA-N,-1.6349883333333342
CCOP(=S)(OCC)SCCCCCP,JKYJCZXBERIRFK-UHFFFAOYSA-N,-4.177666222222226
CCCCCCOCCC,JLQBXJSLMWXEFL-UHFFFAOYSA-N,-3.855733626373628
CC1COC(OCCCOc2ccccc2F)C1,JMGOKYPDXNAZOU-UHFFFAOYSA-N,-4.215176614420062
COP(=S)(OC=O)c1ccccc1,JMIWCZCCQFIFMW-UHFFFAOYSA-N,-2.341524999999999
CC=CCCCCCCCC,JOHIXGUTSXXADV-UHFFFAOYSA-N,-4.5934823333333314
CC(C)Nc1nc(Cl)ccc1F,JOPNQOPDGREFQL-UHFFFAOYSA-N,-2.7195758999999997
CCCCCCOC(=O)Br,JOQKKJBDNKQWCI-UHFFFAOYSA-N,-1.9613851679412213
CCC(C)(C)Br,JOUWCKCVTDSMHF-UHFFFAOYSA-N,-3.015754826839827
COC(C)C(C)C,JPUDLQKLSRSRGN-UHFFFAOYSA-N,-1.2617223999999996
Clc1cccc(Br)c1,JRGGUPZKKTVKOV-UHFFFAOYSA-N,-3.2686223601398594
CCc1ccc(C)cc1,JRLPEMVDPFPYPJ-UHFFFAOYSA-N,-3.189461329618098
CC(C)c1cccc(CCCCCN(C)C(C)O)c1,JRVBSTOOWJTVEI-UHFFFAOYSA-N,-4.82416333333333
COC(C)CCO,JSGVZVOGOQILFM-UHFFFAOYSA-N,-0.36914999999999987
CCN(C)C(=O)OC(C)C,JUGGLQYQELSDHP-UHFFFAOYSA-N,-1.4074033333333336
CC1=C(N)C=CC1=O,JUQLVINNOUSFKS-UHFFFAOYSA-N,-0.7276888888888885
CCC(C)C(O)CC(C)(C)CC,JUTACHHWGBGREN-UHFFFAOYSA-N,-2.8306166666666654
C=C(C)CCCC(C)C,JUUMAEXLYIMEOD-UHFFFAOYSA-N,-4.372710769230771
CCOc1ccccc1Br,JVEQWIQHHWNMQX-UHFFFAOYSA-N,-2.460700779220779
CCC(=O)C(C)C(C)C,JVFPPVJPLCFTIW-UHFFFAOYSA-N,-2.3407126515151533
CC(C)CCC(=O)OCO,JVIZMNLNQQLBSA-UHFFFAOYSA-N,-1.4617399999999996
CCCCCC(C)C,JVSWJIKNEAIKJW-UHFFFAOYSA-N,-4.88781076923077
Oc1ccc2ccccc2c1,JWAZRIHNYRIHIV-UHFFFAOYSA-N,-2.270550000000001
CC=C(C)OC,JWBPCSXRWORRAI-UHFFFAOYSA-N,-0.10916954545454537
COP(O)(=S)Cl,JWHIIHSWAUCTDL-UHFFFAOYSA-N,0.002264890109890103
CCCCCCSC(=O)c1ccccc1C(=O)OCC,JWMBFSZEBQAVEU-UHFFFAOYSA-N,-4.703898333333331
CCCC(C)C(C)C,JXPOLSKBTUYKJB-UHFFFAOYSA-N,-4.274540000000004
Cc1nn([N+](=O)[O-])cc1Cl,JYACBYYJDXSFFJ-UHFFFAOYSA-N,-1.2178125
CCC(C)NC(C)C,JYOCKIVAXFOJOK-UHFFFAOYSA-N,-3.179647487394959
CC1=CC(C)=C1C,JYTKUNAVPFRTKA-UHFFFAOYSA-N,-2.9370203912753903
CCCC(C)O,JYVLIDXNZAXMDK-UHFFFAOYSA-N,-0.3112999999999996
Cc1ccnc(C)c1,JYYNAJVZFGKDEQ-UHFFFAOYSA-N,-0.15298537297297307
CCOC(=O)Oc1cccc(O)c1,KAFDOBXXTWVTQB-UHFFFAOYSA-N,-2.1759201754385966
CC=CCCCC(C)S,KBCMCGSSXPWKIX-UHFFFAOYSA-N,-3.8994507692307705
CC(C)CCCC(C)C,KBPCCVWUMVGXGF-UHFFFAOYSA-N,-4.515680000000003
CCCCCCCCO,KBPLFHHGFOOTCA-UHFFFAOYSA-N,-2.3982399999999964
CCCCNc1cc(N(C)CC)ccn1,KBQNUAPTULRPMT-UHFFFAOYSA-N,-3.0589933333333352
CCCCCC=C(C)CCCC,KCCDVPWBXMNJFG-UHFFFAOYSA-N,-4.747147968253967
C#CCC,KDKYADYSIPSCCQ-UHFFFAOYSA-N,-0.8944397802132508
CCCCC=Cc1ccccc1,KETWBQOXTBGBBN-UHFFFAOYSA-N,-4.365163568965515
CC(=O)Oc1ccc(Cl)cc1,KEUPLGRNURQXAR-UHFFFAOYSA-N,-2.6300299999999983
CCC(C)CCCCO,KFARNLMRENFOHE-UHFFFAOYSA-N,-2.269900000000001
CCCCCCCCc1ccc(Cl)cc1,KFPORIGYWLAQSE-UHFFFAOYSA-N,-5.390502500000001
CCC(C)CCC(N)CC,KIWPHAHPNLTBJR-UHFFFAOYSA-N,-4.55915666666667
Oc1cccc2ccccc12,KJCVRFUGPWSIIH-UHFFFAOYSA-N,-2.3545039743589733
CCCCCCCCCCCO,KJIOQYGWTQBHNH-UHFFFAOYSA-N,-4.027036777777775
CCCOC(=O)OC,KKQAVHGECIBFRQ-UHFFFAOYSA-N,-1.04531
CCC=C(C)CCC,KKVVJQGDNYIIMN-UHFFFAOYSA-N,-3.738090769230768
CCC(=O)C(C)=C1NC(=O)NC(=O)C(C)C(=O)N1C(C)=O,KLRPXANXKVARGE-UHFFFAOYSA-N,-2.3451700000000004
CCCCCCC(=O)C=CC(=O)CCC(=O)C(C)=NC,KMSBENVEDMRFRT-UHFFFAOYSA-N,-3.64203
OCOc1ccccc1O,KMTZSWIVUMYFMY-UHFFFAOYSA-N,-1.4019300000000001
CCc1cc(N)c(Cl)cc1Cl,KMWDXUMOFMAQRI-UHFFFAOYSA-N,-3.3084909150326784
CCCCCCCC(C)CCC,KNMXZGDUJVOTOC-UHFFFAOYSA-N,-4.943292777777776
CCCN(O)CC,KNPVJTATSXDLPW-UHFFFAOYSA-N,-0.32659999999999995
CCCCCCCCOCCC,KPFDWNLAMXJSNJ-UHFFFAOYSA-N,-4.428701777777776
c1ccc(Cc2cccccc3ncc2-3)cc1,KPGHUQQJAHIQKS-UHFFFAOYSA-N,-4.978361525979091
Oc1ccccc1I,KQDJTBPASNJQFQ-UHFFFAOYSA-N,-1.048890000000001
CC(=O)OCC(C)S,KQMORHZQISODSR-UHFFFAOYSA-N,-1.0546466666666652
CC(C)C(Cl)c1ccc(N=O)c(F)c1Cl,KTKJHAAASUWBIE-UHFFFAOYSA-N,-3.985686536796536
CCCCOP(=S)(CC)CO,KUISIRBWCAAASM-UHFFFAOYSA-N,-2.1105737719298245
CCCOP(=S)(OC)OC(C)C,KVBKBJYVRAIKRR-UHFFFAOYSA-N,-2.5341225
COP(=S)(CCO)OC=C(C)C,KVMRGGDLGDUALU-UHFFFAOYSA-N,-1.4098199999999996
CCCC#N,KVNRLNFWIYMESJ-UHFFFAOYSA-N,-0.36439873043623033
CCc1cccnc1O,KWFQLEGOEWMCCK-UHFFFAOYSA-N,-1.1785821885521892
C=CCCCCCC,KWKAKUADMBZCLK-UHFFFAOYSA-N,-4.380177435897435
NC(=O)c1ccccc1,KXDAEFPNCMNJSK-UHFFFAOYSA-N,-1.186116969696968
COC(C)=O,KXKVLQRXCPHEJC-UHFFFAOYSA-N,0.3366789160839165
Cc1ccc(C)c(Cl)c1,KZNRNQGTVRTDPN-UHFFFAOYSA-N,-3.42700783882784
CCCCC(C)CC,LAIUFBWHERIJIH-UHFFFAOYSA-N,-4.830150000000005
COc1ccc(CCCCCC(C)C)c(O)c1C(C)C,LAOSQSADDBNPEK-UHFFFAOYSA-N,-4.566944166666667
CCOC(=O)C=C(C)OC,LAPXQIPANPGXCP-UHFFFAOYSA-N,-1.0238299999999996
CCOP(=S)(OCC)Oc1ccc([N+](=O)[O-])cc1,LCCNCVORNKJIRZ-UHFFFAOYSA-N,-4.217250000000006
CCCOC(=O)NOC(=O)OCC,LCDIRZJXLZCTKF-UHFFFAOYSA-N,-1.1592999999999996
COC,LCGLNKUTAGEVQW-UHFFFAOYSA-N,-0.3887730774715479
Cc1cnc(O)c(O)[n+]1[O-],LCQKGOCHOOTCCE-UHFFFAOYSA-N,-1.3023382957042953
O=[N+]([O-])c1ccc(Cl)c(Cl)c1F,LCZBIHOCLOBQLF-UHFFFAOYSA-N,-3.0187299999999997
CC(C)CC(C)(C)S,LDJLZCJFJWACFT-UHFFFAOYSA-N,-4.462454000000005
CCCCCCCCCCCCCCCCCC(C)C,LEEDMQGKBNGPDN-UHFFFAOYSA-N,-7.911020000000003
CC=CC(C)C,LGAQJENWWYGFSN-UHFFFAOYSA-N,-2.412995210302311
COC(O)CCC(C)C,LHAMPQCKIZZLNN-UHFFFAOYSA-N,-0.89805
CC(F)C(Oc1ccc(Cl)c(Cl)c1)c1ccccc1,LHHPDLYZPNQRCZ-UHFFFAOYSA-N,-6.121014285714283
Oc1cc(Cl)c(Cl)cc1Cl,LHJGJYXLEPZJPM-UHFFFAOYSA-N,-2.3457
Cc1ccc(Cl)c(Cl)c1Cl,LHOGNQZQKDZOBP-UHFFFAOYSA-N,-4.438509580419578
CCCCCCCOCO,LIIIYEPIVIFHCW-UHFFFAOYSA-N,-2.1458299999999992
C=CCCCC,LIKMAJRDDDTEIG-UHFFFAOYSA-N,-3.0210884032634033
CCOc1ccc(O)cc1,LKVFCSWBKOVHAH-UHFFFAOYSA-N,-0.9964066666666664
CCC(=O)OCCCCCCCOC,LLTIDPJFKGBKAM-UHFFFAOYSA-N,-3.809655454545455
Cc1cccc2ccnc-2n1,LMFTTYWBMRACNI-UHFFFAOYSA-N,-2.0562615634491648
CCNSP(=S)(OCC)Oc1ccc(O)cc1,LMNGLNQETQJYKQ-UHFFFAOYSA-N,-3.367774761904763
CCNC(O)C(C)(CC(C)C)C(=O)OCC,LMRUDZQKCYUSQW-UHFFFAOYSA-N,-2.7028339285714282
Cc1ncnc2c3ccccc3cn12,LNJGEZBOPQCNFD-UHFFFAOYSA-N,-2.6671940000000003
C=CCCC(C)O,LNPNXWKVAFKIBX-UHFFFAOYSA-N,-0.6959000000000006
CCC(C)S,LOCHFZBWPCLPAN-UHFFFAOYSA-N,-2.416181191383465
COc1ccc(C)c(C)c1C,LPWNOAFKRVPOEC-UHFFFAOYSA-N,-2.7946339999999994
C=CCCCO,LQAVWYMTUMSFBE-UHFFFAOYSA-N,-0.24519999999999997
CCCCCCCCCCCCCCCCCCC,LQERIDTXQFOHKA-UHFFFAOYSA-N,-8.069469999999999
CCCCCCCCCCCCO,LQZZUXJYWNFBMV-UHFFFAOYSA-N,-4.646906777777781
Nc1ccc(-c2ccc(O)cc2)cc1,LQZZZAFQKXTFKH-UHFFFAOYSA-N,-2.857299999999999
CCCCO,LRHPLDYGYMQRHN-UHFFFAOYSA-N,0.08862727272727274
CCCOC(=O)CC(C)C,LSJMDWFAADPNAX-UHFFFAOYSA-N,-2.001377105263158
CCCCCCCBr,LSXKDWGTSHCFPP-UHFFFAOYSA-N,-4.474966666666671
Cc1ccnn1C,LSZQMSSIUQNTDX-UHFFFAOYSA-N,0.09219045454545453
CCCCCCc1ccccc1,LTEQMZWBSYACLV-UHFFFAOYSA-N,-4.801555378787874
CCCCCCCNC,LTGYRKOQQQWWAF-UHFFFAOYSA-N,-4.408914285714287
COc1ccc2ccccc2c1,LUZDYPLAQQGJEA-UHFFFAOYSA-N,-3.001904313020312
CCC(C)OC1=C(O)OC(C)=C(O)C=C1,LVLAHNDREATHBC-UHFFFAOYSA-N,-1.8796700000000002
CC=CCCC(C)C,LXBJRNXXTAWCKU-UHFFFAOYSA-N,-3.986580769230771
CCOC(=O)OCC(C)O,LXWSUJHHSVHFJC-UHFFFAOYSA-N,-0.7807399999999995
COc1cc([N+](=O)[O-])cc(Cl)c1Cl,LYFAMXRWZNBHLH-UHFFFAOYSA-N,-2.5858518421052628
CCCCCCSOC,LYYPFFUSGGIUKK-UHFFFAOYSA-N,-2.9206644444444447
Clc1cccnc1Cl,MAKFMOSBBNKPMS-UHFFFAOYSA-N,-0.6332318213803739
CCC(N)(Oc1ccccc1OC)C(C)C,MANLHURJLBOTPM-UHFFFAOYSA-N,-3.5228975000000013
CC(C)P(C)(C)(=O)=O,MARAPPVPWHUDTK-UHFFFAOYSA-N,-0.45574999999999966
CCCCOCc1ccccc1,MAYUYFCAPVDYBQ-UHFFFAOYSA-N,-3.6493583333333324
CCC(=O)N(C)C,MBHINSULENHCMF-UHFFFAOYSA-N,-0.14299676767676775
CCCOC(=O)OC(C)(O)CC,MBPYTXMJOHXHDR-UHFFFAOYSA-N,-1.44874
CCCCCCOC(C)c1ccccc1,MCOIXLKOYZQSGS-UHFFFAOYSA-N,-4.5497985109189045
CC[N+](=O)[O-],MCSAJNNLRCFZED-UHFFFAOYSA-N,-0.18037439560439547
CNC1=NC(I)=C(OC(C)C)N=C(C(C)(C)C)N=C1O,MCZAZLACCFCLAH-UHFFFAOYSA-N,-3.5372799999999995
CSC(=O)OC(CCl)C(=O)Cl,MECOGWAYFRTZPY-UHFFFAOYSA-N,-1.6099099999999995
CCCCCc1ccccc1O,MEEKGULDSDXFCN-UHFFFAOYSA-N,-2.951008333333334
CCCNNC(=O)C(=O)c1cccc[n+]1[O-],MEGODKHCZUUXHW-UHFFFAOYSA-N,-1.993796842105263
CCC(C)CCC(O)CC,MFYHIHFYDULUQP-UHFFFAOYSA-N,-2.28655
Sc1ccncn1,MGAXHFMCFLLMNG-UHFFFAOYSA-N,0.4836614285714289
CCN(C(=O)OCN(C)C(C)OC)C(C)C,MGZWATUWEODBMN-UHFFFAOYSA-N,-2.7419147619047624
PC1=CC=CC2=CC2=CC=CC=C2C=CC=C12,MHHYLNGHQRCQGE-UHFFFAOYSA-N,-6.730180000000002
CCCCOC(=O)N(C)C(=O)CCCSCC,MHVLINMYPSFSLN-UHFFFAOYSA-N,-3.717
c1ccc2c(c1)N2,MIAGWAUWHNPQKI-UHFFFAOYSA-N,-0.9605331919191917
CCCOC(=O)CCCCC=C(C)C(=O)N(C)C,MJCJTRZSMUFKLN-UHFFFAOYSA-N,-3.75486
CCOC(CC)C(=O)CC(C)C,MJCLFQJZNMAAGH-UHFFFAOYSA-N,-2.6923299999999997
CCN(CC)C(=O)OC(C)C(O)CCC(C)=O,MKVLTRVYOMEPMB-UHFFFAOYSA-N,-2.61162
CC1=Nc2ncncc21,MLBJIBOMDLLRKJ-UHFFFAOYSA-N,-0.5552240000000002
Cc1cc(I)ccc1Cl,MMBDKGFWRIYSRD-UHFFFAOYSA-N,-3.731322307692304
CCCCCCC(=O)O,MNWFXJYAOYHMED-UHFFFAOYSA-N,-2.3995329457189998
C1=Cc2cnccc21,MOOIWMHHJCTIHM-UHFFFAOYSA-N,-1.4619862454212447
CCOP1(=S)OCCCC(O)C1O,MORJWVRKTAULNV-UHFFFAOYSA-N,-1.4240799999999993
CC(C)CCOC(F)C(C)OC(=O)C(C)(C)C,MOSRKISDVDZRGV-UHFFFAOYSA-N,-3.8830499999999986
CSC(=O)CC(C)C,MPLWTJZAFOVXKP-UHFFFAOYSA-N,-1.1888063761904752
CCCCBr,MPPPKRYCTPRNTB-UHFFFAOYSA-N,-2.398968402456707
CCCC(C)COCC,MPXCYKUDZGXIAS-UHFFFAOYSA-N,-2.891780000000001
CCCCOC=CC(C)C,MQJBKVJQOBWZAD-UHFFFAOYSA-N,-3.0820900000000004
COc1cccnc1N(NC(=O)Nc1ccccc1)C(=O)S,MQYJGSWVLTXIFT-UHFFFAOYSA-N,-2.662739999999999
CCCOP(=S)(OC)C(C)C,MSYYOFKQDUAYEG-UHFFFAOYSA-N,-2.2681428571428572
CCCNc1cc(NCC)nc(C(C)C)n1,MTSKXUJAASPDIU-UHFFFAOYSA-N,-3.1630400000000027
CC(C)CCCCCCC(C)O,MVHZJCNHMXHIEN-UHFFFAOYSA-N,-2.9020428571428556
Clc1ccccc1,MVPPADPHJFYWMZ-UHFFFAOYSA-N,-2.3574356060606045
CC(C)CCCCCCCCCC(C)(C)C,MWBJIRMHIBECNQ-UHFFFAOYSA-N,-5.889593333333334
CCCCCCCCCCO,MWKFXSUHUHTGQN-UHFFFAOYSA-N,-3.6994711111111074
CC(C)C(CCO)C(C)C,MWLSQAWSSCJJCI-UHFFFAOYSA-N,-2.945361142857143
CCCCCc1cc(O)cc(OC)c1,MWWIDYNYLZQEQP-UHFFFAOYSA-N,-3.2931554545454556
CC(C)C(C)O,MXLMTQWGSQIYOW-UHFFFAOYSA-N,-0.17569999999999983
CCN(C)C(=O)CCC(=O)NC(=O)NCN(C)C(=O)OC,MXRDVCDUELEDFB-UHFFFAOYSA-N,-1.9367499999999997
CCNC(=O)CC1=COC=CC=C1,MZQRKPXHINZLPB-UHFFFAOYSA-N,-2.45773619047619
CC(C)Br,NAMYKGVDVNBCFQ-UHFFFAOYSA-N,-1.1925011817284026
CC1=NOC(O)=CC(N(C)C)=C1,NCIUAULYAKZCQP-UHFFFAOYSA-N,-1.62549
CCCCCCCCCCCCCCCCC,NDJKXXJCMXVBJW-UHFFFAOYSA-N,-7.495809999999995
CC=CCCCCCCCC(C)C,NDYAOKJSDZFRBX-UHFFFAOYSA-N,-4.9917849999999975
CCC(C)(C)CC(C)C(C)OC,NEYCNQCPTIVTKB-UHFFFAOYSA-N,-3.504578809523807
CCCO[PH](=O)c1cccc(Cl)c1,NFPGWDUVNUHKRV-UHFFFAOYSA-N,-3.565863333333333
CN=CC(=O)OCC(C)(C)N,NFRLDLNCOCRZDL-UHFFFAOYSA-N,-1.1069899999999997
CCCCCNC(=O)C(C)C,NFVUCXAYVQLROT-UHFFFAOYSA-N,-2.4559699999999993
CCCCC(=O)CC,NGAZZOYFWWSOGK-UHFFFAOYSA-N,-1.3416471428571424
CCCCCCCC(C)O,NGDNVOAEIVQRFH-UHFFFAOYSA-N,-2.7292528571428587
Clc1ccc(Br)cc1,NHDODQWIKUYWMW-UHFFFAOYSA-N,-3.557435729548227
CCC(C)(C)c1ccc(OC(C)C)cc1O,NHTOOLBPAKOWDD-UHFFFAOYSA-N,-3.0885019841269856
CCCOC(=O)NOC(C)C(=O)NOc1ccccc1CC(C)C(=O)OC(C)C,NIALPRQPOYTNAJ-UHFFFAOYSA-N,-4.48108
OC(Cl)C(Cl)Cl,NIBKDWIGIKUFKL-UHFFFAOYSA-N,-0.25599999999999973
CCCOP(=S)(OC)ON(CC)C(=O)CO,NIUGFRONSHVZKT-UHFFFAOYSA-N,-2.4210999999999996
CCOP(=S)(OC)C(C)C,NIXAHVDLNXVMPR-UHFFFAOYSA-N,-1.6663399999999993
CCCOC(C)CC,NKCLBERXLKOMPK-UHFFFAOYSA-N,-1.9353000000000011
COc1cc(O)ccc1Cl,NKFRBXPBRPYULV-UHFFFAOYSA-N,-1.3102345454545452
Cc1nc(Oc2ccccc2)c2ccccc2n1,NKSMDQPFZWWSRT-UHFFFAOYSA-N,-4.150762222222221
CCCCCCCCCCC(C)CC,NLHRRMKILFRDGV-UHFFFAOYSA-N,-5.782319615384614
CCC(=O)NC(=O)N(CC)C(C)C,NLKOPNRFVXGUGQ-UHFFFAOYSA-N,-2.4409135000000006
CCCCCC(O)CC,NMRPBPVERJPACX-UHFFFAOYSA-N,-2.031699999999998
C=CC(C)=CCCO,NNGVLPJYESSKNP-UHFFFAOYSA-N,-1.5146333333333337
CC(C)C,NNPPMTNAJDCUHE-UHFFFAOYSA-N,-1.1861099696071904
O=C(I)c1ccc(Nc2ccccc2)cc1,NOTJBOFCBNQQTP-UHFFFAOYSA-N,-3.9424137518037514
Cc1ccc(Cl)cc1,NPDACUSDTOMAMK-UHFFFAOYSA-N,-3.1765858112475756
CC(C)C(C)c1ccccc1,NQRMTOKLHZNAQH-UHFFFAOYSA-N,-3.967830035928378
CCNC(=O)OC(=O)c1ccccn1,NRXFRJOQAIMUSR-UHFFFAOYSA-N,-1.8891777719298246
CCC(C)Cc1ccc(OC)nc1O,NSZRIOIAUFJRTH-UHFFFAOYSA-N,-2.650854444444444
C=CC(C)CO,NVGOATMUHKIQQG-UHFFFAOYSA-N,-0.3016999999999999
CCCOCC,NVJUHMXYKCUMQA-UHFFFAOYSA-N,-0.6067666666666657
CC1=C(C(=O)Cl)NC(=O)C1(C)C,NYTABWIOZJVVEB-UHFFFAOYSA-N,-2.0116299999999994
Nc1ccc(-c2ccccc2)cn1,OAPVIBHQRYFYSE-UHFFFAOYSA-N,-3.3429119527139517
CCc1cccc(C)c1OC,OBFOSDNIIYYRFX-UHFFFAOYSA-N,-2.6193339999999985
CCCC(=O)OCC,OBNCKNCVKJNDBV-UHFFFAOYSA-N,-1.323642857142857
Clc1ccc(Cl)cc1,OCJBOOLMMGQPQU-UHFFFAOYSA-N,-3.2880497581340222
CCC(C)C(=O)OC,OCWLYWIFNDCWRZ-UHFFFAOYSA-N,-1.2465499999999998
CCCCC,OFBQJSOFQDEBGM-UHFFFAOYSA-N,-2.8106082240055303
Cc1ccc(=O)c2ccccc2c1,OFKARNYVCSWZIO-UHFFFAOYSA-N,-3.5425115696870177
CC1(C)CCC1,OFZYBEBWCZBCPM-UHFFFAOYSA-N,-3.4751297619047654
CCN1N=C2C=CN=C1C(O)C2,OGSKHKIMRLVRAN-UHFFFAOYSA-N,-1.470044545454545
COc1ccc(OC)cc1,OHBQPCCCRFSCAX-UHFFFAOYSA-N,-1.0833466666666665
Cc1ccc(C(=O)C(C)N)cc1,OHULHWHSUJEYIT-UHFFFAOYSA-N,-2.5497699999999988
Cc1ccc(F)cc1CNOc1ccccc1C,OIAPHIKGIRDAPT-UHFFFAOYSA-N,-4.419037902298849
CCCOC(=O)c1cc(C)ccc1C,OJNHNOKCELYGPT-UHFFFAOYSA-N,-3.6184450000000004
CCCCCC(C)N(CC)CC,OJRWQFMJFFCMNV-UHFFFAOYSA-N,-4.575337999999997
Cc1c(NC(C)C)cccc1C(O)CCl,OJUHKSJVFOBCJY-UHFFFAOYSA-N,-2.9702547619047626
CCO[N+](=O)OP(=S)(CC)C(Cl)(Cl)Cl,OKLBYHPFTORDCT-UHFFFAOYSA-N,-2.386897105263159
OCc1cccc(O)c1,OKVJCVWFVRATSG-UHFFFAOYSA-N,-0.6002000000000003
CCC(C)(C)C(C)C,OKVWYBALHQFVFP-UHFFFAOYSA-N,-4.004973535353538
CCOC(=O)N(CC)CC(C)CC,OLEKMDGBZKDSIP-UHFFFAOYSA-N,-2.8308225
CC[PH](=O)C(C)C(C)C,OLKAUCJDLIIRCK-UHFFFAOYSA-N,-2.3027126515151526
O=C(F)c1c(Cl)ccc(O)c1Cl,OMFJIRINGGGTHP-UHFFFAOYSA-N,-2.822455000000001
CCCC(C)C1CCCC1C,OMYVHDXLYSQQDE-UHFFFAOYSA-N,-4.633166809523807
Cc1cccc(NC(=O)NC(C)C)c1,ONPVNVIYALFINR-UHFFFAOYSA-N,-3.2214458333333336
CCCCCCCc1c(O)nc(NCCC)nc1NC,ONSPDWLDVLDPKC-UHFFFAOYSA-N,-3.92256
O=C1C=CN2N=CN=C(N1)N2,ONYSWQYTSBXVGB-UHFFFAOYSA-N,-1.199098888888889
CCOP(=S)(CC(O)C(=O)O)OC,OPIZJPZILZTZEE-UHFFFAOYSA-N,-1.4047099999999995
CC1CCCC(CO)CCC1,OPURBPWKEIEOCN-UHFFFAOYSA-N,-3.2060883333333323
CCN(C)Oc1ccc(O)cc1,OPZXRSLNEJFYIJ-UHFFFAOYSA-N,-0.9748699999999993
CCCC(=O)OCCC(C)=O,OQGVKYKHRUNWEE-UHFFFAOYSA-N,-1.3734600000000001
CCSC=C(C)CC,OSBCMHQYQJIWLX-UHFFFAOYSA-N,-3.6436850000000005
CC=CCCCC,OTTZHAVKAVGASB-UHFFFAOYSA-N,-3.5591777777777747
CCN(C)C(=O)c1ccncc1,OUFZLFXPIHTNTI-UHFFFAOYSA-N,-1.7187983333333339
CCCCCCCCCC(=O)OCCC,OVFMRFMJVFDSAA-UHFFFAOYSA-N,-4.535938232323235
CCCOP(=O)=O,OWBGZFRYOBBPOG-UHFFFAOYSA-N,-0.10032197330447332
CC(O)C(C)O,OWBTYPJTUOEWEK-UHFFFAOYSA-N,0.30448000000000003
CCOP(=S)(OCC)C(C)(C)C,OWZAGWAWYLRGQZ-UHFFFAOYSA-N,-2.679822857142858
CCCSCCCCOC,OXVKKDKUBWQOOX-UHFFFAOYSA-N,-3.7934228571428577
CCO[PH](=S)C(COC=O)C(C)C,OYRYWPDZWBTMAU-UHFFFAOYSA-N,-2.363754545454546
OC1=CC=C1Cl,PACQZDOOGGFIID-UHFFFAOYSA-N,0.049933827561327596
O=C(Cl)c1ccccc1,PASDCCFISLVPSO-UHFFFAOYSA-N,-1.4382944696969695
CCOCCSC(C)(C)O,PAXMGHKNQPAGIQ-UHFFFAOYSA-N,-1.8000200000000002
Nc1ccccc1,PAYRUJLWNCNPSJ-UHFFFAOYSA-N,-0.8230839999999989
CC1CCCCC(O)CC1C,PBJDQHROAHGUEA-UHFFFAOYSA-N,-2.547187142857142
Clc1ccc(Cl)c(Cl)c1,PBKONEOXTCPAFI-UHFFFAOYSA-N,-3.5969886287078907
CCN(CCc1ccccc1COC(=O)C(C)C)C(C)=O,PBMSBVMOQSJJIP-UHFFFAOYSA-N,-3.960042333333331
C[SH](C)CCC(C)(C)C,PCBNZQSXVYXFQP-UHFFFAOYSA-N,-3.4339823207282945
CC(C)=CC(C)(C)O,PCFLZEMUEOSJPS-UHFFFAOYSA-N,-1.014533333333334
CC(C)CCCO,PCWGTDULNUVNBN-UHFFFAOYSA-N,-1.0592000000000004
O=COc1ccc(O)cc1,PDMDZWWBLYTFKV-UHFFFAOYSA-N,-1.26849
CC(=O)NC(C)C,PDUSWJORWQPNRP-UHFFFAOYSA-N,-0.4315013888888888
CCCCCCCCCC(=O)CC,PERIHWAPLOBAJM-UHFFFAOYSA-N,-4.079471111111111
CCCC(=O)CC,PFCHFHIRKBAQGU-UHFFFAOYSA-N,-0.8547473333333325
CCC(C)CC,PFEOZHBOMNWTJB-UHFFFAOYSA-N,-3.4911000000000034
CCCC(C)CO,PFNHSEQQEPMLNI-UHFFFAOYSA-N,-1.0746999999999998
CCC(c1ccccc1)c1ccc(Cl)cc1Cl,PFXFXPIEMAXMFP-UHFFFAOYSA-N,-6.473294835164835
COC(=O)c1ccccc1OC,PFYHAAAQPNMZHO-UHFFFAOYSA-N,-1.741333809523809
Cc1cccc2cccc-2n1,PGGOJOIOAGWEKI-UHFFFAOYSA-N,-2.5454349999999994
C=C=NCNc1cccc(N)c1,PGKNXEULYSNJPC-UHFFFAOYSA-N,-1.6670700000000007
CC(C)CCO,PHTQWCKDNZKARW-UHFFFAOYSA-N,-0.47849999999999987
C=NC1=C(CCCCCC)C(=O)N1,PIEARYSIGZURED-UHFFFAOYSA-N,-2.5840000000000005
CC1=C(Cl)C(=O)C(C)CC(C)C1,PJFFNZOSDIBFPN-UHFFFAOYSA-N,-3.144354000000001
CCCCOCOCCCCCCCC=CCCS,PKGKUZSVPHCFFQ-UHFFFAOYSA-N,-5.832121666666666
Cc1cccc2ccnc-2c1,PKROBNQRSDMVTB-UHFFFAOYSA-N,-2.663491886002885
COc1ccccc1C=O,PKZJLOCLABXVMC-UHFFFAOYSA-N,-1.7540888095238092
Clc1ccc2c(c1)-c1cccc-2c1,PLHDIEXLPCWIPC-UHFFFAOYSA-N,-5.380864145658262
Oc1ccccc1Oc1ccccc1Cl,PLXMSFGJWZAQTH-UHFFFAOYSA-N,-3.8047722222222222
CCP(C)(=O)Oc1ccc(Cl)cc1[N+],PLYNSESTFSPDMN-UHFFFAOYSA-N,-2.6788200000000004
CCCCCN(C)C(=O)C(F)C(O)CC,PMAULUVLQRQAQQ-UHFFFAOYSA-N,-2.958930000000001
CCC(=O)CSSC,PMOUZBLSKKZTGZ-UHFFFAOYSA-N,-1.2856438095238085
C=CCC(C)=O,PNJWIWWMYCMZRO-UHFFFAOYSA-N,-0.4337984740259738
CCCCOCCO,POAOYUHQDCAZBD-UHFFFAOYSA-N,-0.5775153846153853
CCCOCCC,POLCUAVZOMRGSN-UHFFFAOYSA-N,-1.389533333333334
C=Cc1ccccc1,PPBRXRYQALVLMV-UHFFFAOYSA-N,-2.6856955952380908
CCN(C)c1ccccc1,PPHQUIPUBYPZLD-UHFFFAOYSA-N,-2.524589915966386
Cc1ccccc1Cc1ccccc1,PQTAUFTUHHRKSS-UHFFFAOYSA-N,-4.9236847987063665
C=C(CC(C)C)c1ccccc1O,PRHXQYWMEWSGKD-UHFFFAOYSA-N,-3.1842283333333343
CC1=NN2N=C(C)C=CC2=C=C1,PROJFDPVVUADSU-UHFFFAOYSA-N,-2.0270608333333335
COc1nc(C)ccc1C,PROSRRABZRFGQL-UHFFFAOYSA-N,-1.1202799999999984
CN1C(=O)NC=C(C=O)NC(=O)NOC(=O)C(=O)C1S,PRPPOXSUSKGESY-UHFFFAOYSA-N,-2.2079300000000006
CCCCCC(C)(C)C,PSABUFWDVWCFDP-UHFFFAOYSA-N,-4.327520000000003
CC(C)CCCC(=O)N(C)C,PTHCELNZRYCTQY-UHFFFAOYSA-N,-2.1744101158301166
C=CCOP(=O)(CC=O)OC,PTOLZVJUFROQPD-UHFFFAOYSA-N,-0.9148999999999994
CCCCCCC(=O)C(C)N(C)CC,PTXHARVUGZKXMI-UHFFFAOYSA-N,-3.4617211111111112
CCCCCCCCCCC(Br)NCC(C)OC,PUUNFNJPZQXEOF-UHFFFAOYSA-N,-5.689248333333332
COc1ccc(C(C)(C)C)nc1NC(C)CO,PVMRNHQYSMNBCB-UHFFFAOYSA-N,-2.9629600000000007
CCCOC(C)COP(=O)=S,PVQHHBHPRBZXMP-UHFFFAOYSA-N,-1.3822899999999998
C=C(C)C(=O)C(C)CN(C)C,PXXPYNLJNZQRFA-UHFFFAOYSA-N,-2.2969000000000004
CCCCOCC,PZHIWRCQKBBTOW-UHFFFAOYSA-N,-1.3112122567783095
C=CNc1ccccc1,PZUGJLOCXUNFLM-UHFFFAOYSA-N,-1.5733192481203009
Brc1ccccc1,QARVLSVVCXYDNA-UHFFFAOYSA-N,-2.4707996428571453
CCSC1=CC=C(C)N=CN1Cl,QAUBDCJWDLREQK-UHFFFAOYSA-N,-1.625950000000001
CCCCCCCCCCCC(=O)CCC,QCJWNUNXTZOXCF-UHFFFAOYSA-N,-5.474218333333333
Cc1ccc(Cc2ccccc2)nc1,QCVFCEOANGWDQI-UHFFFAOYSA-N,-4.0207681043190515
Fc1ccc(Cl)c(Cl)n1,QFAFGFDNNYWEQP-UHFFFAOYSA-N,-1.1046622208931407
Cc1ccc(C(C)C)nc1O,QHDOFOJXQQCJQL-UHFFFAOYSA-N,-1.8481924000000007
CCC(C)OC(C)C,QHJLNXCHSKDYHR-UHFFFAOYSA-N,-2.0192099999999997
Cc1ccc2ccccc2c1,QIMMUPPBPVKWKM-UHFFFAOYSA-N,-3.903770831591777
Cc1ncc(C)c(C(=O)NC(=O)Oc2ccccc2)n1,QLPRQGIIVPBEDQ-UHFFFAOYSA-N,-3.2033700000000023
CC1=CC=CCC1,QMFJIJFIHIDENY-UHFFFAOYSA-N,-2.8390247619047626
CCCCCCN(C)C,QMHNQZGXPNCMCO-UHFFFAOYSA-N,-3.5867400000000007
CC(N)C(=O)O,QNAYBMKLOCPYGJ-UHFFFAOYSA-N,-0.7562957818782523
CCCCC(C)O,QNVRIHYSUZMSGM-UHFFFAOYSA-N,-0.8471000000000001
Cc1cnc2ncccc2c1,QOMQVYYQBYOOMQ-UHFFFAOYSA-N,-1.8048307692307688
CCC(C)CO,QPRQEDXDYOZYLA-UHFFFAOYSA-N,-0.39349999999999974
Cc1cccc2ccccc12,QPUYECUOLPXSFR-UHFFFAOYSA-N,-3.844816729290568
CNc1ccc(C(C)[SH](NC)C(C)C)cn1,QQHKOMLEDCUOPQ-UHFFFAOYSA-N,-3.2695534545454534
C=CC,QQONPFPTGQHPMA-UHFFFAOYSA-N,-0.7787633166278164
CCN(C)CC(C)C,QQWXQKMVASVXCI-UHFFFAOYSA-N,-2.9231542460317486
Clc1ccc(Cc2cc(Cl)ccc2Cl)c(Cl)c1,QQXJPSPWHRVZQI-UHFFFAOYSA-N,-7.1111
COc1cccc(OC(C)=O)c1,QQYNGKGFOZQMHD-UHFFFAOYSA-N,-1.9942700000000013
Cc1c([O-])cnc(C(N)=O)c1N,QRGHSIROFINVHM-UHFFFAOYSA-M,-1.9274699999999998
CCC(CCCC(C)O)CC(C)=O,QRIAWIAKMUYYDN-UHFFFAOYSA-N,-2.730085454545454
Nc1ccc(Cl)cc1,QSNSCYSYFYORTR-UHFFFAOYSA-N,-1.594546666666665
CCCCCCCCC(C)C(C)C,QSSUTSOGIQHRIU-UHFFFAOYSA-N,-4.982474999999999
Cc1ccccc1Br,QSSXJPIWXQTSIX-UHFFFAOYSA-N,-2.499013570155332
Cc1ccc(NC(=O)N(C)C)cc1,QTERLAXNZRFFMZ-UHFFFAOYSA-N,-2.5150471428571413
CC(O)CCCCCCO,QUADBKCRXGFGAX-UHFFFAOYSA-N,-2.0543400000000003
CCCCCCC(C)CCCC,QULNVKABFWNUCW-UHFFFAOYSA-N,-4.811619999999998
C=CCCC=O,QUMSUJWRUHPEEJ-UHFFFAOYSA-N,-1.117229761904761
CCC(C)C,QWTDNUCVQCZILF-UHFFFAOYSA-N,-2.971622828282832
Cc1ccccc1O,QWVGKYWNOKOFNN-UHFFFAOYSA-N,-0.8056000000000004
CC(=O)C(C)C(C)C,QXHRQZNDMYRDPA-UHFFFAOYSA-N,-1.6325424000000004
CC=CCC(=O)OCCC,QXSSGYRBUZRDNL-UHFFFAOYSA-N,-1.6845471052631575
CCCCCCCCCCCCCCCCCC(C)O,QXYWIOWTBOREMG-UHFFFAOYSA-N,-7.811389999999999
Clc1cc(Cl)c(Cl)c(Cl)c1,QZYNWJQFTJXIRN-UHFFFAOYSA-N,-4.692675714285712
Oc1cc(Cl)ccc1Cl,RANCECPPZPIPNO-UHFFFAOYSA-N,-1.4710866666666667
CCOC(=O)C(O)CCCn1c(C)nc(C(C)C)cc1=O,RARAZRWWVRCMMF-UHFFFAOYSA-N,-3.2037
COC(=O)OC(C)C,RCIJMMSZBQEWKW-UHFFFAOYSA-N,-0.702623333333333
CCBr,RDHPKYGYEGBMSE-UHFFFAOYSA-N,-0.8474223351583057
COc1ccccc1,RDOXTESZEPMUJZ-UHFFFAOYSA-N,-1.6233774999999986
COCC(O)C(=O)OC,RDTIMTCYHCPDEM-UHFFFAOYSA-N,-0.4077040000000002
CCCCNN(C)C,RDWYDKHTFLJQJJ-UHFFFAOYSA-N,-1.7345336291486293
CCC(C)SCCO,REAABRMSONFDLS-UHFFFAOYSA-N,-1.6205333333333334
Clc1cccc(Cl)c1Cl,RELMFMZEBKVZJC-UHFFFAOYSA-N,-3.708141245421245
Clc1ccccc1Cl,RFFLAFLAYFXFSW-UHFFFAOYSA-N,-3.123726218062986
NS(=O)c1cc(Cl)cc(-c2ccccc2)c1,RGAJOWSAPWEBKD-UHFFFAOYSA-N,-4.581655073260071
CCCCCOC(C)(O)CC,RGDMARKSWDHYAW-UHFFFAOYSA-N,-2.4614175
CCCCCC(=O)CC,RHLVCLIPMVJYKS-UHFFFAOYSA-N,-1.8554871428571431
Oc1ccc(F)cc1,RHMPLDJJXGPMEX-UHFFFAOYSA-N,-0.8773000000000014
Cc1cc(Cl)ccc1O,RHPUJHQBPORFGV-UHFFFAOYSA-N,-1.4325383333333332
CCCCCCCCOC,RIAWWRJHTAZJSU-UHFFFAOYSA-N,-4.014860000000001
C=CC(=O)Oc1ccccc1NC(C)CO,RLAGINVPFCEHIV-UHFFFAOYSA-N,-2.9271092307692315
CC(C)C(C)C(C)C,RLPGDEORIPLBNF-UHFFFAOYSA-N,-4.45718556149733
COC(C)C,RMGHERXMTMUMMV-UHFFFAOYSA-N,-0.20066689976689975
COC(CO)SSCOC(=O)NC(=O)N(c1ccccc1)c1ccc(Cl)cc1,ROLFFXHDBAYCTK-UHFFFAOYSA-N,-4.572279999999999
CCCNC(=O)C(=O)Nc1ccccc1,ROODIZBMLPFZFH-UHFFFAOYSA-N,-3.1117091666666656
CC(=CCl)C(Cl)Cl,RPKXMPUNLARZKR-UHFFFAOYSA-N,-2.7168691073941087
COP(C)(=O)Oc1cc(C)nc([N+](=O)[O-])c1,RPQBBPDUBYQQMG-UHFFFAOYSA-N,-2.222369999999999
CC(C)COC(C)(C)N,RQAAOOABMGLTPN-UHFFFAOYSA-N,-1.7392790666666675
Cc1cccc(N)c1Cl,RQRKMXABSUYQBV-UHFFFAOYSA-N,-2.0192354285714287
CCOCC(C)C,RQUBQBFVDOLUKC-UHFFFAOYSA-N,-1.2414595238095243
CCCCCCCCCCC,RSJKGSCJYJTIGS-UHFFFAOYSA-N,-4.987096777777776
CC(O)COc1ccccc1OOc1ccccc1Cl,RTJUTWYHZSWHIZ-UHFFFAOYSA-N,-3.5018574242424245
CC(C)OC(C)CC(=O)CO,RTLHQXFFRXOASQ-UHFFFAOYSA-N,-1.4313199999999993
CCOCC,RTZKZFJDLAIYFH-UHFFFAOYSA-N,-0.22055430236430237
O=[N+]([O-])c1cccnc1[N+](=O)[O-],RUPDGJAVWKTTJW-UHFFFAOYSA-N,-2.041269999999999
CCNCc1ccc(Br)cc1,RVGAYUIZZCACIV-UHFFFAOYSA-N,-3.7604688247863254
CCC(S)CCOC(=O)c1ccc(C)cc1CC(=O)Nc1ccccc1CC(C)=O,RVPSRXIGVNEGHZ-UHFFFAOYSA-N,-6.025050000000001
CCOC(=O)C(C)c1nc(C)ccc1C,RXJYRVSXZOSYHB-UHFFFAOYSA-N,-2.5512749999999995
CC1CCC2C(C)CCC1C2C,RYIYZZMNXXUKQR-UHFFFAOYSA-N,-4.433160476190475
COP(=S)(CO)OC(=O)Oc1ccc(Cl)c(C)c1,RZEQKHVXYGWBPT-UHFFFAOYSA-N,-3.2376249999999995
CCCCCCCCCCCCCCCCCC,RZJRJXONCZWCBN-UHFFFAOYSA-N,-8.077679999999994
CCC(C)C1=Nc2cccc(OC)ccccc2C1C,RZLDAMUXTVMDMU-UHFFFAOYSA-N,-4.132613735632184
CC(C)=CC(C)O,SAOXPNBHKSWHGW-UHFFFAOYSA-N,-0.7382999999999997
Clc1ccc(Cl)c(I)c1,SBHVNORGKIPGCL-UHFFFAOYSA-N,-3.7335799603174604
Cc1cccc(OCC(C)C)c1,SBSIVJNYJLNIFM-UHFFFAOYSA-N,-3.192354444444444
CNC(=O)Oc1ccccc1,SCWKRWCUMCMVPW-UHFFFAOYSA-N,-1.7993621428571416
Cc1ccc(C(O)C(=O)O)cc1,SFGURAWGCAPHON-UHFFFAOYSA-N,-1.6222766666666666
CCOC(O)Oc1cc(Cl)ccc1Cl,SFQKUOIRCIYPGQ-UHFFFAOYSA-N,-2.7998399999999988
O=[N+](O)c1ccccc1Cl,SFRVMSKFDDNESP-UHFFFAOYSA-N,-2.4976374491570255
CCCCCCCC(C)C,SGVYKUFIHHTIFL-UHFFFAOYSA-N,-4.838542857142856
CC=CCCCCCO,SHPVOXFREBUEHB-UHFFFAOYSA-N,-2.329229999999999
O=C1CCC1,SHQSVMDWKBRBGB-UHFFFAOYSA-N,0.16191906759906766
CCOc1nc(Br)ccc1C,SIQFNFGWKDMVRR-UHFFFAOYSA-N,-1.8401906516290725
CCC=COCCCCC,SISLXINOECJYOQ-UHFFFAOYSA-N,-3.156182857142858
CCCCCCC(C)O,SJWFXCIHNDVPSH-UHFFFAOYSA-N,-2.0735000000000015
ClC1=CC=C1Cl,SLYXGLUNRWNLMU-UHFFFAOYSA-N,-2.4910107989802985
CC(C)c1cccn1[N+](=O)[O-],SMPNWRHNZNFGDJ-UHFFFAOYSA-N,-1.8845577932668645
CCCCCCCCCCCC,SNRUBQQJIBEYMU-UHFFFAOYSA-N,-5.092366777777778
Cc1ccc(O)nc1,SOHMZGMHXUQHGE-UHFFFAOYSA-N,-0.36969584729344723
C=C(C)NC(=O)CC,SOVOVVWUANGFCL-UHFFFAOYSA-N,-1.1429722222222216
CCOP(=O)(CSC(=O)CCC(O)CCC(O)C(O)CC)OCCBr,SROYSTAWGIHIEV-UHFFFAOYSA-N,-3.821653333333333
CCNC(=O)C(C)=O,SSHUWTSCLKWLDF-UHFFFAOYSA-N,-0.738492222222222
Cc1ccc(Oc2ccccc2)cc1,SSTNIXFHCIOCJI-UHFFFAOYSA-N,-3.87416614102564
COc1cnc2ncccc2[nH]c2ccccc2c1,SSWGZRJIKZOIEW-UHFFFAOYSA-N,-3.977107095238097
C=CN(CC)SCC(C)C,STCWSYQQGYYLLT-UHFFFAOYSA-N,-3.579461282051284
CNC(=S)NC(C)(O)C(Cl)C(Cl)Cl,STWCDKKLPPTBRC-UHFFFAOYSA-N,-2.239190000000001
CCOC(=O)C1CC(=O)NC1=O,STXJWMUXKCYVJA-UHFFFAOYSA-N,-1.6905999999999992
CCOC(=O)SC,SUDBVMMHYGJOTC-UHFFFAOYSA-N,-0.7023993956043947
CCC(C)[N+](=O)[O-],SUGZATOHBPXTDV-UHFFFAOYSA-N,-0.7999166666666665
C=C(C)C(=O)OCC,SUPCQIBBMFXVTL-UHFFFAOYSA-N,-0.9875639999999991
CN(Cl)CCNC(=O)C(Cl)C(Cl)(Cl)Cl,SVBHHYCKMWKLKL-UHFFFAOYSA-N,-3.13167
CC(O)CC(C)(C)O,SVTBMSDMJJWYQN-UHFFFAOYSA-N,-0.4076999999999997
CCOC(=O)C(C)=C(C)Cl,SWBUVSHNGOMQCQ-UHFFFAOYSA-N,-1.9288232539682542
Brc1ccc(Br)cc1,SWJPEBQEEAHIGZ-UHFFFAOYSA-N,-3.889169611499609
C1=CC(c2ccccc2)=C1,SWSMPDUAYCFIST-UHFFFAOYSA-N,-3.77327343037518
CC(C)C(C)CO,SXSWMAUXEHKFGX-UHFFFAOYSA-N,-0.8250000000000004
IC1=CC=C1c1ccccc1,SXVUTIIRRJLXPD-UHFFFAOYSA-N,-4.236367871786965
CN=CCCCCBr,SYBRTJMTHXYQMT-UHFFFAOYSA-N,-1.4350751052631583
CCCCC(C)C(C)O,SZERMVMTUUAYML-UHFFFAOYSA-N,-1.8475000000000006
C=C(C)N(CCC)C(C)OCCC,SZLUSBVOIDTWJH-UHFFFAOYSA-N,-3.4310972619047635
CCCOCOC(C)ONC(C)C(C)CC,SZTSUZWZOXNDIW-UHFFFAOYSA-N,-4.166286666666669
CC(=O)C(=O)C(C)S,SZUBTECSYDASRI-UHFFFAOYSA-N,-0.797587348484848
CC[PH](=O)C(C)C,SZWWELBQVBOJMC-UHFFFAOYSA-N,-0.6630527272727277
CCCCSC(C)O,TUADVWCHTOAKQA-UHFFFAOYSA-N,-1.4739000000000002
CC(C)CC(=O)C(C)C,TUIWMHDSXJWXOH-UHFFFAOYSA-N,-1.9359193491634492
CC1=CC=C(C(C)(C)C)C(=O)NC=C1[N+](=O)[O-],TVABIRIOGJGIHH-UHFFFAOYSA-N,-3.310145714285716
CCC(=O)CCN(C)CC,TVEPBLNYXCVYGQ-UHFFFAOYSA-N,-1.55846
CCCCCCCC,TVMXDCGIABBOFY-UHFFFAOYSA-N,-4.929900000000004
Cc1cncnc1,TWGNOYAGHYUFFR-UHFFFAOYSA-N,-0.05347999999999999
CCCCCOC(=O)CC,TWSRVQVEYJNFKQ-UHFFFAOYSA-N,-1.5259171428571432
CCC(O)CC(C)O,TXGJTWACJNYNOJ-UHFFFAOYSA-N,-0.4476999999999999
CCCNC(=O)OCC1(CC)C(=O)NC(=O)NC(=O)NC1=O,TYKIDUDQJOXUKD-UHFFFAOYSA-N,-2.45314
Nc1ccc([N+](=O)[O-])cc1,TYMLOMAKGOJONV-UHFFFAOYSA-N,-2.158441676767678
CCCCCCCCCCC=CC(=O)c1cc(C)ncc1OC,TYODOJRLSCMYNF-UHFFFAOYSA-N,-5.12844
C=CCNc1ccccc1CS,TYOVPBGFRSBGHK-UHFFFAOYSA-N,-3.673918971500719
CCCCCCCCCCCCCCCCCCCCCCCCO,TYWMIZZBOVGFOV-UHFFFAOYSA-N,-7.9961699999999984
CCC(=O)CCO,TYXULUBCBKMSSK-UHFFFAOYSA-N,-0.1621321818181818
CCCC=C(C)CCCC,TZHLNYXJNGVBOJ-UHFFFAOYSA-N,-4.499915607142856
OCC(O)CCCCC(O)CO,TZSZOUXLMCRLSU-UHFFFAOYSA-N,-1.9262199999999994
CC1CCCCC1,UAEPNZWRGJTJPN-UHFFFAOYSA-N,-3.8949338528138573
Cc1cc(Cl)cc(Cl)c1N,UAISVUGQLKXPFF-UHFFFAOYSA-N,-3.0145781372548996
c1cc2ccocc-2c1,UBKHHFOBCZFFKL-UHFFFAOYSA-N,-1.944185238095237
Oc1ccccn1,UBQKCCHYAOITMY-UHFFFAOYSA-N,0.553996883116884
COc1ccc(NC(C)(C)O)nc1,UBRRKTUBPBCJHJ-UHFFFAOYSA-N,-1.3437599999999992
CC(C)COCC(O)CCO,UCBJXYAYAZFWCG-UHFFFAOYSA-N,-1.7128300000000005
COCl,UCFFGYASXIPWPD-UHFFFAOYSA-N,-0.41669428959275995
COC1=COC(N(C)C)=NC(C)=C1,UCZLVWCHDZDQCZ-UHFFFAOYSA-N,-1.81088
C#SCCCC,UDJIHMHATIDJEE-UHFFFAOYSA-N,-3.0245626666462213
O=[N+]([O-])c1ccccc1PO,UFEUYUXOGBMRPF-UHFFFAOYSA-N,-1.8521356706766923
CCCCOP(O)(=S)C(O)C(O)CCC,UFQOLQYMQCXUIQ-UHFFFAOYSA-N,-2.2403299999999997
C=CCCCCCO,UFULDTPDHIRNGS-UHFFFAOYSA-N,-1.6064000000000005
c1ccc2ccccc2c1,UFWIBTONFRDIAS-UHFFFAOYSA-N,-3.7466022875180407
COC(=O)C(=O)N(C)C,UGNSBLQYRJEDHD-UHFFFAOYSA-N,-1.0307430186480182
CCSP(=S)(OC)C(F)(F)CC,UHIREFDYZOJQPY-UHFFFAOYSA-N,-3.203425
c1ccccc1,UHOVQNZJYSORNB-UHFFFAOYSA-N,-1.798062499999999
Nc1ccc2c(c1)-c1cccccn3cc-2cccc1-3,UIFWPOBSUQRCMB-UHFFFAOYSA-N,-5.551049999999999
CCC(C)C(C)=O,UIHCLUNTQKBZGK-UHFFFAOYSA-N,-0.7632700000000006
CCSCCCCBr,UIJKTMSPDWJMLJ-UHFFFAOYSA-N,-4.116466666666669
CCCCN(C)NC,UIQHFTCSNIHFRH-UHFFFAOYSA-N,-1.8729987085137099
CCOC(C)C(C)C,UJRCLZKWBWUTRC-UHFFFAOYSA-N,-2.1110118181818187
CCOP(=O)(OC)SCn1c(=O)oc2c(OC)cc(N)cc2c1=O,UKMUTVGPIFDNMA-UHFFFAOYSA-N,-2.8145000000000007
CCNC1=NC(=O)C(=O)N1CCl,UKWKDZXAKMFAII-UHFFFAOYSA-N,-1.784644
CC(C)Cl,ULYZAYCEDJDHCC-UHFFFAOYSA-N,-1.1335951777601485
COc1cccnc1,UMJSCPRVCHMLSP-UHFFFAOYSA-N,-0.5821866666666667
FC(Cl)Cl,UMNKXPULIDJLSU-UHFFFAOYSA-N,-1.0758291460141163
CCCOC(C(C)O)C(C)S,UPJBQXYSOSBJHH-UHFFFAOYSA-N,-2.4089900000000006
CNc1cccc(NC)c1,UQBNGMRDYGPUOO-UHFFFAOYSA-N,-1.43157
CCC=C(C)SCC,UQPSPQIWBFBPOT-UHFFFAOYSA-N,-3.4050407692307694
Cc1ccc(C)cc1,URLKBWYHVLBVBO-UHFFFAOYSA-N,-2.8826324350649357
CCCCOC(=O)NCC,USIYRFTZKYKHBI-UHFFFAOYSA-N,-1.7153422618122611
CNSC(=O)c1ccc(C(C)(C)C)cc1,USYJVSGOYOSOBY-UHFFFAOYSA-N,-3.5651906536796543
CCCCCCCOCC,UTBWZYCUAYXAKT-UHFFFAOYSA-N,-3.957840000000001
CCCOc1ccc(Cl)cc1,UTDHIUFCIMLKHK-UHFFFAOYSA-N,-2.9167899999999998
CCN(C)C(C)C,UTLDDSNRFHWERZ-UHFFFAOYSA-N,-1.9639516883116894
CCOC(O)CCC(=O)SCC,UVIFABXBBZVNFH-UHFFFAOYSA-N,-1.23708
CCOC(=S)SCCCC(C)O,UWSZJWZOZCPGDJ-UHFFFAOYSA-N,-2.476430000000001
Cc1ccc(Cl)c(Cl)c1C,UZPZYFDULMKDMB-UHFFFAOYSA-N,-4.2531795804195776
Clc1ccc(-c2cc(Cl)ccc2Cl)cc1,VAHKBZSAUKPEOV-UHFFFAOYSA-N,-6.263749999999999
CCOC(=O)N(CC)CC,VAJCYQHLYBTSHG-UHFFFAOYSA-N,-1.3997601754385962
CCCCNC(=O)Cc1ccc(O)cc1,VBCZZUMESAUCEW-UHFFFAOYSA-N,-3.0755749999999993
CCCCCCCCN(C)CC,VBESUKCLGKGCEM-UHFFFAOYSA-N,-4.65684511111111
CCCCCOCC,VDMXPMYSWFDBJB-UHFFFAOYSA-N,-1.7528837719298251
CCc1ccnc(C(F)(I)C(Cl)C(Cl)(Cl)Cl)c1,VELPXJBWCVSELU-UHFFFAOYSA-N,-4.4598488847117785
CN(CO)C(=O)Nc1ccccc1Br,VFWLXTWNRMWJML-UHFFFAOYSA-N,-2.295687142857143
COC(O)C(O)CCCO,VJVCTQBUMQXCLM-UHFFFAOYSA-N,-0.30328999999999984
CCCCNC(C)C(C)C(C)(C)C,VKYUTTXJFPTLNE-UHFFFAOYSA-N,-4.71953380952381
CC(C)c1cccc(O)c1,VLJSLTNSFSOYQR-UHFFFAOYSA-N,-1.8806800000000004
CCCC(C)CC,VLJXXKKOSFGPHI-UHFFFAOYSA-N,-3.843288095238097
CCCCCC,VLKZOEOYAKHREP-UHFFFAOYSA-N,-3.476786662650213
CSc1ccccn1,VLQBSKLZRSUMTJ-UHFFFAOYSA-N,-0.2898792571428569
CCCCCSC(C)CCC,VMDMVBXJOODUNT-UHFFFAOYSA-N,-4.776623968253967
COC(=O)OC(C)CO,VMGUUJANKYVLHM-UHFFFAOYSA-N,-0.7406433333333332
CCCOC,VNKYTQGIUYNRMY-UHFFFAOYSA-N,-0.3084543023643025
C,VNWKTOKETHGBQD-UHFFFAOYSA-N,-0.7000608047442752
CN(C)C(=O)N(C)S,VOSPZOXNWUSPCY-UHFFFAOYSA-N,-0.0313549376114083
Nc1c(Cl)cccc1[N+](=O)[O-],VOTXWUCYIOPNNR-UHFFFAOYSA-N,-2.068303425641027
Oc1cc(Cl)cc(Cl)c1,VPOMSPZBQMDLTM-UHFFFAOYSA-N,-1.4563200000000023
NC(=O)c1ccccc1C(=O)OCO,VPRYNUGZIQYGQD-UHFFFAOYSA-N,-1.8839336363636363
C=C(C)C,VQTUBCCKSQIDNK-UHFFFAOYSA-N,-1.1286789595061806
CCCCC(C)(O)CC(C)C,VRFMFHBPJUSGFK-UHFFFAOYSA-N,-2.695106666666666
CCOC(C)CC,VSCUCHUDCLERMY-UHFFFAOYSA-N,-1.2017000000000004
CN(CCCO)c1nn(C)cc1[N+](=O)[O-],VSGOEQVKRMSWPJ-UHFFFAOYSA-N,-1.6213733333333336
CCc1ccc(C)nc1C,VSLXJOHTVOZTNF-UHFFFAOYSA-N,-1.6826628571428575
CC1C(=O)N(C)C=CC=CC=C2C(=O)NC1c1cc2cc([N+](=O)[O-])c1,VSOYWRYUHBGVJW-UHFFFAOYSA-N,-3.783570000000002
Cc1ccc(C(C)OCN=O)c([SH](C)C)n1,VSXCJZUMTPBJOK-UHFFFAOYSA-N,-2.6156699999999997
CCCOC(=O)OCCC,VUPKGFBOKBGHFZ-UHFFFAOYSA-N,-1.5438099999999988
CC(C)=CC(C)C,VVCFYASOGFVJFN-UHFFFAOYSA-N,-2.7546135137655146
CNc1ccc(N)cc1,VVYWUQOTMZEJRJ-UHFFFAOYSA-N,-1.3727899999999997
CCC(C)CCC(=O)N(C)CC,VWSZQVFJRWOYJK-UHFFFAOYSA-N,-3.2083000000000004
Nc1ccccc1CO,VYFOAVADNIHPTR-UHFFFAOYSA-N,-0.8968700000000008
Fc1cccc(Cl)c1,VZHJIJZEOCBKRA-UHFFFAOYSA-N,-2.923559184263449
CN(C)CCC(C)(C)CO,WAFWTXGROWCNSV-UHFFFAOYSA-N,-1.2002000000000006
CCCCC(C)C(C)C,WBRFDUJXCLCKPX-UHFFFAOYSA-N,-4.582680000000001
CCOC(=O)C(C)C,WDAXFOBOLVPGLV-UHFFFAOYSA-N,-0.9721199999999993
Oc1ccc(Cl)c(Cl)c1,WDNBURPWRNALGP-UHFFFAOYSA-N,-1.3843133333333333
CC(C)C(=O)Nc1ccccc1,WDRCPKDLZOQCFU-UHFFFAOYSA-N,-2.518943636363636
CCC(O)Oc1ccccc1NC(=O)N(C)C(C)N,WEKAKIZZMUNMCK-UHFFFAOYSA-N,-2.99489
OCCCCO,WERYXYBDKMZEQL-UHFFFAOYSA-N,0.37412545454545443
CC(=O)OC(C)=O,WFDIJRYMOXRFFG-UHFFFAOYSA-N,-0.5858333333333333
CC(=O)Nc1c(O)ccc([SH]=O)c1Cl,WFPIKTIMMRMZJJ-UHFFFAOYSA-N,-2.2314768421052618
CCC(C)C(C)C,WGECXQBGLLYSFP-UHFFFAOYSA-N,-4.09261444444444
CCCCCOCCOC(C)C,WGERGIKNYSQMMH-UHFFFAOYSA-N,-3.6647000000000016
CC(C)=C(C)C,WGLLSSPDPJPLOR-UHFFFAOYSA-N,-2.8480489692640716
Cc1cccc(C(N)=O)c1,WGRPQCFFBRDZFV-UHFFFAOYSA-N,-1.8828916025641016
COc1cccc([N+](=O)[O-])c1,WGYFINWERLNPHR-UHFFFAOYSA-N,-1.9902899999999986
C1=Cc2ccccc21,WHEATZOONURNGF-UHFFFAOYSA-N,-2.898509692529692
CCCOC(C)C(OCC)C(=O)OCN1CCCCCC(C)C1=O,WHMGFUSEZAICOE-UHFFFAOYSA-N,-4.131929999999998
CCN1C=CC(C(C)(C)C)=C2N=C21,WISKOABSIIFTDG-UHFFFAOYSA-N,-3.1327492307692313
Cc1ccc(C)c(F)c1,WJAVYWPXOXAOBS-UHFFFAOYSA-N,-3.149314188034187
CCCCCCC(CCC)CC(=O)F,WJHDBSDTYODRTG-UHFFFAOYSA-N,-4.329338333333334
CCC(=O)C(C)OC,WLBNTABJGHRBQH-UHFFFAOYSA-N,-1.07672
CCNc1ccc(OC(C)CC)cc1,WLMBJGZHRNKONM-UHFFFAOYSA-N,-3.0266249999999997
CCCOC(=O)C1(CC)CCC1C=O,WLNIBIMSZLAZPF-UHFFFAOYSA-N,-3.291094206349204
CCCC(C)C(O)OCC,WNEWZWSXILOBOU-UHFFFAOYSA-N,-1.6728599999999998
CCC(=O)C=C(C)C,WNZISGSGRPIJFX-UHFFFAOYSA-N,-1.2198939761904752
CCCCCCCC(C)=C(C)N(C)CC,WOKSMAVXAXXLLK-UHFFFAOYSA-N,-4.542245454545453
Nc1ccc(Oc2ccccc2)cc1,WOYZXEVUWXQVNV-UHFFFAOYSA-N,-3.3006134444444455
COC(=O)Nc1ccc(Cl)c(Cl)c1,WOZQBERUBLYCEG-UHFFFAOYSA-N,-2.9606550000000005
CC[SH](=O)(NC)C(C)(C)c1ccccc1,WPUTVQIJZSUXDC-UHFFFAOYSA-N,-3.3344619999999994
CCCCCCCCCCCC(CC)CCCC,WQRAWJOKTRHSSJ-UHFFFAOYSA-N,-7.693109999999998
CCO[PH](=O)(=O)c1ccc(C)cc1Cl,WRJVNHGSARBLJX-UHFFFAOYSA-N,-3.553558333333334
COC(=O)CC(C)=O,WRQNANDWMGAFTP-UHFFFAOYSA-N,-0.8353115384615382
C=CCC(C)C,WSSSPWUEQFSQQG-UHFFFAOYSA-N,-2.8623235139161385
C=C(NCCC)c1ccccc1,WTKOJBPQJDEPKP-UHFFFAOYSA-N,-3.7797394318181814
CCOc1ccc(O)cc1Cl,WUCUVINNJNRVRH-UHFFFAOYSA-N,-1.8608699999999996
CCCNC(=O)NC(=O)c1ccccc1,WUMLBQAUXYZJTB-UHFFFAOYSA-N,-3.2738499999999995
CCC#Cc1ccccc1C,WUVHXLQTAWUPPM-UHFFFAOYSA-N,-4.026081198835644
CNC(=O)Nc1ccc2cccc-2cc1,WUVVEUNXGBDRSL-UHFFFAOYSA-N,-3.2926773809523797
C#CC(=O)OCCCCC,WUYULWRYYBVPPJ-UHFFFAOYSA-N,-1.7032214642375165
COC(=O)c1ccccc1C,WVWZECQNFWFVFW-UHFFFAOYSA-N,-2.348651969696968
CCCCN(CC)C(C)C,WWDWSIMVIBPDNW-UHFFFAOYSA-N,-4.245134444444445
CNc1nc(C)ccc1OCCCO,WWEDWBNHGSYSMR-UHFFFAOYSA-N,-1.9351992307692316
CCCCCCCCCCCCCC(C)CC,WWPCLIMUTNKTDY-UHFFFAOYSA-N,-7.4013199999999975
Cc1ccccc1C(C)C,WWRCMNKATXZARA-UHFFFAOYSA-N,-3.753056979949871
CCSC(=O)c1ncccc1O,WXZDYENOMFLLRY-UHFFFAOYSA-N,-2.0169225641025643
NC(=O)Nc1c(S)cccc1Cl,WYLRQGYRNLNOHO-UHFFFAOYSA-N,-2.3275629729729728
CCCCCCC(C)(C)CCC,WZCACTKWHXCWFZ-UHFFFAOYSA-N,-4.5414828571428565
CCC(O)C(C)OC(C)C,XAGHNYQUHKCOBA-UHFFFAOYSA-N,-1.855760000000001
CCC(=O)Oc1cnc(Br)cc1O,XCFOKYNQKMBEFO-UHFFFAOYSA-N,-2.0686499999999994
CCOC(=O)OCCc1c(C)cccc1C(C)C,XDUFTNRWFLKABP-UHFFFAOYSA-N,-4.456921622807017
CCOC(C)=O,XEKOWRVHYACXOJ-UHFFFAOYSA-N,-0.13298560772560764
CCCCCCOC(=O)OCCCCC,XEQMKAVUXWSWJE-UHFFFAOYSA-N,-4.035386666666666
O=C1C=CCCCCO1,XFBQDNBWHANTOC-UHFFFAOYSA-N,-1.5554804756335283
CCCC(C)OCC,XFKPOLRDQWCGPV-UHFFFAOYSA-N,-1.9135300000000002
CC(C)OC(=O)N(C)C,XFWJFSJDRURPLE-UHFFFAOYSA-N,-0.9827599999999991
CCCc1cc(S)ccc1C,XGCNEPLXKDEVDP-UHFFFAOYSA-N,-3.8180526309246283
CC1C(=O)OC2(CCC2)C(C)CCOC(=O)CC1O,XGQQDJLYZPAFCJ-UHFFFAOYSA-N,-2.937189999999999
ClC(Cl)C(Cl)I,XGYVMJXZKLWGTG-UHFFFAOYSA-N,-2.0242553526719247
CCCCCCCC(=O)CC,XJLDYKIEURAVBW-UHFFFAOYSA-N,-3.371549999999999
COC(C)[N+](=O)[O-],XJPKJBPDDDPSNO-UHFFFAOYSA-N,-0.489168205128205
C=C1CCCCCC1,XJYOAWSHIQNEGC-UHFFFAOYSA-N,-3.6244231613974263
Clc1cc(Cl)cc(Cl)c1,XKEFYDZQGKAQCN-UHFFFAOYSA-N,-4.44200172058824
CCC1CCC2C(=CC(O)CC(S)(CC)C1C)CC(=O)OCC2C,XKFCUNJCFJAWEW-UHFFFAOYSA-N,-4.8008725
O=C1NC(=O)c2ccccc21,XKJCHHZQLQNZHY-UHFFFAOYSA-N,-2.539879639639642
Clc1ccc(-c2ccc(Cl)c(Cl)c2Cl)cc1,XLDBTRJKXLKYTC-UHFFFAOYSA-N,-6.5544499999999974
Oc1ccc(Cl)c(F)c1,XLHYAEBESNFTCA-UHFFFAOYSA-N,-1.374933333333333
CC(=O)CO,XLSMFKSTNGKWQX-UHFFFAOYSA-N,0.10922142857142855
O,XLYOFNOQVPJJNP-UHFFFAOYSA-N,-0.7000608047442752
CCCCCCC(=O)OC,XNCNNDVCAUWAIT-UHFFFAOYSA-N,-2.019587513227514
CCCc1cccc(O)c1C,XNCTZUPZTWUFNW-UHFFFAOYSA-N,-2.4463384444444443
CCCC(C)=O,XNLICIUVMPYHGG-UHFFFAOYSA-N,-0.3409160789210791
CCC1=C(N)C(C)=C(NC(=O)NC(=O)Cc2ccccc2)C1=O,XNOLGBFXSWVPOT-UHFFFAOYSA-N,-3.88641
O=C1C=CCCCCCO1,XNYIMQALUMNHBB-UHFFFAOYSA-N,-2.2545200000000007
Nc1cc(Cl)c(Cl)c(Cl)c1,XOGYQVITULCUGU-UHFFFAOYSA-N,-3.076659803921568
C=CCOC(=O)CC,XRFWKHVQMACVTA-UHFFFAOYSA-N,-0.9125199999999987
C=CN(CC)C(=O)OCC,XRSZCEHOVOVJIZ-UHFFFAOYSA-N,-1.4744982706766923
CCCC(C)OC,XSAJCGUYMQTAHL-UHFFFAOYSA-N,-1.1468366666666667
CCOC(C)C,XSJVWZAETSBXKU-UHFFFAOYSA-N,-0.4684264452214457
CCCN(CC)C(=O)O,XSMITZREGIIBIN-UHFFFAOYSA-N,-1.433651438672439
Cc1cc(CC(O)CO)ccc1O,XTFVYUDNHAWMKI-UHFFFAOYSA-N,-2.05001
Cc1cc([N+](=O)[O-])ccc1N,XTTIQGSLJBWVIV-UHFFFAOYSA-N,-2.113913333333334
O=c1[nH]cccc1Cl,XTYNIPUFKBBALX-UHFFFAOYSA-N,-0.8522721278257802
CCC(C)COC(C)C,XUAUVCIUSULLJE-UHFFFAOYSA-N,-2.7979233333333333
CC=Cc1ccc(CC(C)(C)C)nc1,XUNCDJYEGYIJBP-UHFFFAOYSA-N,-3.716094853146854
O=[N+]([O-])C(Cl)Cl,XUNYLLBGLKGFHO-UHFFFAOYSA-N,-0.6445496077256074
COc1ccc(NC(C)=O)cc1,XVAIDCNLVLTVFM-UHFFFAOYSA-N,-1.8718299999999986
CCC(=CC(=O)C(C)c1ccccc1OC)C(=O)OC,XVNGVLIUGINVHG-UHFFFAOYSA-N,-3.7965299999999984
CN(C)Cc1ccccc1,XXBDWLFCJWSEKW-UHFFFAOYSA-N,-3.1625569444444452
CCCCC1CCC1C,XYFUCMVZHUBWEE-UHFFFAOYSA-N,-4.684900769230772
O=c1occn1OC(Cl)(Cl)Cl,XYHFCWHEIDRPLC-UHFFFAOYSA-N,-1.7311363473684207
CC(=O)SCc1ccc([N+](=O)F)c(Cl)c1,XYOLBQYWXOWLCP-UHFFFAOYSA-N,-3.2352854545454544
CCCOOC(=O)C(O)C(O)CC(O)CCOC(O)C(C)O,XYYMXDAZLJPDGV-UHFFFAOYSA-N,-2.3423999999999996
C=C(CO)C(C)C(C)O,XZCKTIFQDPVKNU-UHFFFAOYSA-N,-1.1057999999999995
CCCCCCCn1cncn1,XZNJLMMVBHGQGS-UHFFFAOYSA-N,-3.0616100000000017
CCCOc1ccc(C(C)C)nc1C,YAWWMLWZZLQRRF-UHFFFAOYSA-N,-2.704930000000001
CCOC(=O)OCO,YBCYPNWWPUECJI-UHFFFAOYSA-N,-0.5934617460317461
CCCC(C)C(CC)OC(C)OCC,YBFDQZHTGZAWPJ-UHFFFAOYSA-N,-3.8581346666666656
CC1=CC(=O)N=C2C(C)=CC=C12,YBNIPSKBNFXGEG-UHFFFAOYSA-N,-2.452856959706958
CCC=CCCCCC,YCBSHDKATAPNIA-UHFFFAOYSA-N,-4.379930357142858
CCCCP(O)(=S)NC,YCEMJXOEFGSWAH-UHFFFAOYSA-N,-1.2042814847374843
CCNC(=O)C(C)C1CCCCCCC1,YCFUMGVFGCDKLI-UHFFFAOYSA-N,-4.105566333333329
CCCCCCCCCCCCCCC,YCOZIPAWZNQLMR-UHFFFAOYSA-N,-7.056550000000007
CCC=CCCCC,YCTDZYMMFQCTEO-UHFFFAOYSA-N,-3.8566000000000007
CCCNc1ccccc1C,YDBNUPQHXUKNCV-UHFFFAOYSA-N,-3.0580211111111115
CCCCP(O)(=S)CCO,YEKSKJFOADVFIK-UHFFFAOYSA-N,-0.8972399999999999
COC(Cl)C(Cl)Cl,YETDTCGIYWPDCZ-UHFFFAOYSA-N,-0.9720177846153844
CCCCOc1ccccc1,YFNONBGXNFCTMM-UHFFFAOYSA-N,-2.8241536363636346
CCC(=O)NC(=O)N(C)C,YGEFLWBPFQCNJB-UHFFFAOYSA-N,-1.3874399999999993
CN=CC(=O)c1ccccc1,YGSWNNHXBLJIRF-UHFFFAOYSA-N,-1.8628261904761894
C#CCCCCC(=O)CC,YGWKUBZHHFDERP-UHFFFAOYSA-N,-2.526394285714286
CNC(=O)Nc1cccc(OC(N)=O)c1,YGXYDEPSCRFMCI-UHFFFAOYSA-N,-2.2710500000000002
CCCCOCCC,YGZQJYIITOMTMD-UHFFFAOYSA-N,-1.7752637719298248
CCCC(C)CCO,YGZVAQICDGBHMD-UHFFFAOYSA-N,-1.717433333333334
C=CC(C)C,YHQXBTXEYZIYOV-UHFFFAOYSA-N,-2.4860436346966854
Cc1cc(Cl)c(C)c(C)c1Cl,YIOASVNFEKBRCE-UHFFFAOYSA-N,-4.782911666666663
CNC1=CC(C)=C1[N+](=O)F,YJHXNXHPQPXNJX-UHFFFAOYSA-N,-1.07463
CCC(C)C(O)CC(C)C(C)CO,YKENERFDJQSKPL-UHFFFAOYSA-N,-2.58332
CN(C)C(=O)C(Cl)C(Cl)Cl,YKPPCPTYQTYJRF-UHFFFAOYSA-N,-1.8471098570999578
CCCOC(C)=O,YKYONYBAUNKHLG-UHFFFAOYSA-N,-0.7172682051282044
CCCCOCCCCCOC,YMKQUMBVZYDUGJ-UHFFFAOYSA-N,-4.0970200000000006
CCc1cccc(C(=O)OC)c1,YMVGYYSDIIIVKV-UHFFFAOYSA-N,-2.654584999999999
CCc1ccccc1,YNQLUTRBYVCPMQ-UHFFFAOYSA-N,-2.764371892666158
COCN(C=O)C(C)C,YNQXRVBPMBSHOX-UHFFFAOYSA-N,-1.4397863228927943
CCCCCCOP(=S)(OCC)OC1=CC(C)OC(CCCCC)=CC=C1,YNSRJTOCZASYEV-UHFFFAOYSA-N,-5.27844
CCOC(C)[SH](C)C,YOASAEKCGIDFTM-UHFFFAOYSA-N,-0.8263466666666663
CCCC(=O)C(C)C(C)(C)C1=CC=CC=CO1,YOFJXXRCDDJAMH-UHFFFAOYSA-N,-3.549931428571428
CCCNc1ccc(C)cc1,YPEZCZIRPXYWSI-UHFFFAOYSA-N,-3.0336700000000003
CC(C)c1ccc(O)cc1,YQUQWHNMBPIWGK-UHFFFAOYSA-N,-2.0983799999999997
CCCCCCCc1cccnc1,YQXWJSLWMQLIAC-UHFFFAOYSA-N,-4.39761983333333
CCCNc1ccc(Br)nc1Br,YRXJVXHYFYEPGE-UHFFFAOYSA-N,-2.143160175438597
CCOC(=O)C(C)=CSC(C)CC,YSADLBOFZOPLDA-UHFFFAOYSA-N,-3.385587333333334
CCCCN(COC)C(=O)c1ccccc1NCc1ccccc1,YSEJUSORBQSTSC-UHFFFAOYSA-N,-4.52395
Cc1ccc(Br)c(C)c1,YSFLQVNTBBUKEA-UHFFFAOYSA-N,-3.279427319347319
Clc1ccc(-c2ccc(Cl)cc2)cc1,YTBRNEUEFCNVHC-UHFFFAOYSA-N,-6.198649999999994
CCCOC(CC)OC(O)C(O)CC,YVEPAKXGAHCJOI-UHFFFAOYSA-N,-2.359476666666667
C=CCC(=O)OCCC(=O)CC,YVUNDXIQPYZFKB-UHFFFAOYSA-N,-1.7078371428571433
CC(=O)NC(C)c1ccc(C)nc1,YVZIWTQAOFUJIO-UHFFFAOYSA-N,-2.001089639639639
CCOC(=O)Oc1ccc(Cl)cc1,YVZRSAKDPDOUPK-UHFFFAOYSA-N,-2.843389230769228
CCCCCC(=O)Cl,YWGHUJQYGPDNKT-UHFFFAOYSA-N,-1.4869016157526678
CCCC=CC(=O)CCCCCC,YWJYAEIVOMOYFO-UHFFFAOYSA-N,-3.603771190476192
CCCCC(=O)CCC,YWXLSHOWXZUMSR-UHFFFAOYSA-N,-1.8926671052631578
CCC(=O)NC(C)CC,YWXTWKJVVCXINH-UHFFFAOYSA-N,-1.3505914894179893
Cc1ccccc1,YXFVVABEGXRONW-UHFFFAOYSA-N,-2.270656136363638
CCCOCC(O)C(O)CC,YXGXNYGNRYBWFJ-UHFFFAOYSA-N,-1.764252857142858
CCC[SH](C)CC,YXIMCOLBHYUIFP-UHFFFAOYSA-N,-1.930819404761906
Cc1ccc(-c2ccccc2)cc1C=O,YXSZBHZVJZQZLW-UHFFFAOYSA-N,-5.216881906593404
CC(=O)c1ccccc1C,YXWWHNCQZBVZPV-UHFFFAOYSA-N,-1.8981864935064925
CC(C)CCSC(C)C,YYBJZRATXUDALK-UHFFFAOYSA-N,-4.320440000000002
CCCN(CC)C(C)C,YYDHPKGSIYLSSC-UHFFFAOYSA-N,-3.498498730158731
CCCCCCCC(=O)OCC,YYZUSRORWSJGET-UHFFFAOYSA-N,-3.393499999999994
CCOP(=O)(Cl)Cl,YZBOZNXACBQJHI-UHFFFAOYSA-N,-0.20957227439227438
CN(C)OC(=O)Nc1ccc(O)cc1Br,YZPIUNMNXMNXRE-UHFFFAOYSA-N,-2.409484999999999
CC(C)=CCCCCC(C)C,ZAQWXMVVVKUMEV-UHFFFAOYSA-N,-4.595301666666666
CCCCCCOC(=S)OC,ZAXWJWQUUFQKMZ-UHFFFAOYSA-N,-2.082646666666667
CCCCCCCCCCCCCC(=O)OC,ZAZKJZBWRNNLDS-UHFFFAOYSA-N,-6.044055454545455
CC(C)C(=O)c1ccccc1N,ZBORFQJDYSRFBH-UHFFFAOYSA-N,-2.3450354141414143
CCN(c1ccc(C(C)(C)C)cc1)C(C)C,ZBQFSCCFGJNHEC-UHFFFAOYSA-N,-3.9734615513784446
CCCCCCCCCCCCCC(C)CO,ZBQXOOAHEIPFSM-UHFFFAOYSA-N,-6.413400000000001
ClC1=CC=COc2ccccc21,ZCCNGTOGVDTNHK-UHFFFAOYSA-N,-3.3153359926739916
CCN1CC(=O)C=C1Br,ZDPRPMKHTOWEHV-UHFFFAOYSA-N,-1.1666999999999998
CC(C)CCC(C)O,ZDVJGWXFXGJSIU-UHFFFAOYSA-N,-1.1567999999999996
C=C(NC)C(=O)NCSCCC=CCCCC,ZEJDWMPQOVIHJQ-UHFFFAOYSA-N,-4.158853787878787
Cc1ccc(NC(C)C)nc1O,ZEVAQUSKJDSFAC-UHFFFAOYSA-N,-1.956277821245422
CC(C)OCO,ZFCUTFMDALQSSY-UHFFFAOYSA-N,-0.28185644522144515
CC(C)C(C)C,ZFFMLCVRJBZUDZ-UHFFFAOYSA-N,-3.3136116424242434
O=Cc1ccc(CO)cc1,ZFHUHPNDGVGXMS-UHFFFAOYSA-N,-1.5375599999999991
CCN1CCCC1=O,ZFPGARUNNKGOBB-UHFFFAOYSA-N,-1.0154376507936502
CCCCCCCCC(O)CCC,ZGSIAHIBHSEKPB-UHFFFAOYSA-N,-3.252536666666666
CCOP(=O)(NC(=O)N(CC)c1ccccc1)[N+]([O-])F,ZGWPAIPXDMWCKM-UHFFFAOYSA-N,-3.26191
CC(C)COC(C)C=O,ZHEVZNRXZDDXTH-UHFFFAOYSA-N,-1.6605024
COC(=O)CC(C)NC(C)=O,ZHKPSUPZUILMOG-UHFFFAOYSA-N,-1.4792599999999996
C=CCC(C)O,ZHZCYWWNFQUZOR-UHFFFAOYSA-N,-0.24591083333333313
Oc1ccc(Cl)cc1Br,ZIYRDJLAJYTELF-UHFFFAOYSA-N,-1.5633033333333335
CCN(C)C(=O)C(C)C,ZJBIJOORRHXJDN-UHFFFAOYSA-N,-1.147562222222222
C=NC(C)SCc1ccccc1,ZKAZNQSSCCVERQ-UHFFFAOYSA-N,-3.743926043623043
CCC(=O)NC(=O)OC,ZKFMCOCCSBYKDU-UHFFFAOYSA-N,-0.9782104273504268
CCCNC(=O)NC(=O)CCC,ZLUMKDIQYOFNHL-UHFFFAOYSA-N,-1.9418345104895098
Clc1ccc(-c2cccc(Cl)c2Cl)cc1,ZMHWQAHZKUPENF-UHFFFAOYSA-N,-6.266869999999996
Cc1cc(NC([N+])=N)ccc1OC(C)(C)O,ZNRXHTQHHSHQRJ-UHFFFAOYSA-N,-2.337
CCCC(O)CC,ZOCHHNOQQHDWHG-UHFFFAOYSA-N,-0.7820999999999994
CCN1c2ccccc21,ZOFNQUHDCHJRRM-UHFFFAOYSA-N,-1.8342224883800409
CCCCOCC(C)=CC(=O)CC,ZPKMZMHVPIBHBE-UHFFFAOYSA-N,-3.2088939682539688
Cn1nc2ccccn1OC2O,ZPODSUDIAPQVTN-UHFFFAOYSA-N,-0.9467399999999995
Clc1cccc(Cl)c1,ZPQOPVIELGIULI-UHFFFAOYSA-N,-3.1508843649161316
NC(=O)c1ccc(Br)cc1,ZRWNRAJCPNLYAK-UHFFFAOYSA-N,-1.8902733333333324
CCCCCCO,ZSIAUFGUXNUGDI-UHFFFAOYSA-N,-1.1893333333333322
CSCCCCCO,ZTCHYZLZZVVQLA-UHFFFAOYSA-N,-1.7282333333333335
CCCC=O,ZTQSAGDEMFDKMZ-UHFFFAOYSA-N,-0.17971165584415602
CCCCCCC(C)C,ZUBZATZOEPUUQF-UHFFFAOYSA-N,-4.7152600000000024
CCN(C)n1c(C)ccc1Br,ZVPFBVQLLMAOAR-UHFFFAOYSA-N,-1.7225849999999996
CCCCN(CC)C(=O)NC(=O)OCC,ZVQBCTNECMJNAR-UHFFFAOYSA-N,-2.5711
O=C1C=CC=CNO1,ZWCBJHRYDXQNGC-UHFFFAOYSA-N,-0.76236
CCC(C)=O,ZWEHNKRNPOVVGH-UHFFFAOYSA-N,0.35318058275058273
CCCOC(=O)NC(=O)OC(C)C,ZWOVTBMDJLZVJU-UHFFFAOYSA-N,-1.6162471052631573
CCCCCCCCCO,ZWRUINPWMLAQRD-UHFFFAOYSA-N,-3.1120274999999977
CC(=CCl)CCl,ZWZWQSKCVXIXQJ-UHFFFAOYSA-N,-2.4165030513467043
CC(C)CO,ZXEKIIBDNHEJCQ-UHFFFAOYSA-N,0.008821428571428602
CCCCCCOCC,ZXHQLEQLZPJIFG-UHFFFAOYSA-N,-3.1009328571428574
CCC(C)C(C)O,ZXNBBWHRUSXUFZ-UHFFFAOYSA-N,-0.7491000000000007
CCCNc1cccc(NC(O)CC)c1,ZZAQZEMENKZJPN-UHFFFAOYSA-N,-3.065933928571428
CCCCCOC(=O)CO,ZZRQJJJPUWSDBN-UHFFFAOYSA-N,-1.4009971052631576
