SMILES,logSolubility,inchi_key
N#CC(OC1OC(COC2OC(CO)C(O)C(O)C2O)C(O)C(O)C1O)c1ccccc1,-0.77,XUCIJNAGGSZNQT-UHFFFAOYSA-N
Cc1occc1C(=O)Nc1ccccc1,-3.3,JFSPBVWPKOEZCB-UHFFFAOYSA-N
CC(C)=CCCC(C)=CC=O,-2.06,WTEVQBCEXWBHNA-UHFFFAOYSA-N
c1ccc2c(c1)ccc1c2ccc2c3ccccc3ccc21,-7.87,GBROPGWFBFCKAG-UHFFFAOYSA-N
c1ccsc1,-1.33,YTPLMLYBLZKORZ-UHFFFAOYSA-N
c1ccc2scnc2c1,-1.5,IOJUPLGTWVMSFF-UHFFFAOYSA-N
Clc1cc(Cl)c(-c2c(Cl)cccc2Cl)c(Cl)c1,-7.32,MTCPZNVSDFCBBE-UHFFFAOYSA-N
CC12CCC3c4ccc(O)cc4CCC3C1CCC2O,-5.03,VOXZDWNPVJITMN-UHFFFAOYSA-N
ClC1=C(Cl)C2(Cl)C3C4CC(C5OC45)C3C1(Cl)C2(Cl)Cl,-6.29,DFBKLUNHFCTMDC-UHFFFAOYSA-N
C=C(C)C1Cc2c(ccc3c2OC2COc4cc(OC)c(OC)cc4C2C3=O)O1,-4.42,JUVIOZPCNVVQFO-UHFFFAOYSA-N
O=C1CCCN1,1.07,HNJBEVLQSNELDL-UHFFFAOYSA-N
Clc1ccc2ccccc2c1,-4.14,CGYGETOMCSJHJU-UHFFFAOYSA-N
C=CCCC,-2.68,YWAKXRMUMFPDSH-UHFFFAOYSA-N
CCC1(c2ccccc2)C(=O)NCNC1=O,-2.64,DQMZLTXERSFNPB-UHFFFAOYSA-N
CCCCCCCCCCCCCC,-7.96,BGHCVCJVXZWKCC-UHFFFAOYSA-N
CCC(C)CO,-0.47,QPRQEDXDYOZYLA-UHFFFAOYSA-N
N#Cc1ccccc1,-1.0,JFDZBHWFFUWGJE-UHFFFAOYSA-N
CCOP(=S)(OCC)Oc1cc(C)nc(C(C)C)n1,-3.64,FHIVAFMUCKRCQO-UHFFFAOYSA-N
CCCCCCCCCC(C)O,-2.94,XMUJIPOFTAHSOK-UHFFFAOYSA-N
Clc1ccc(-c2c(Cl)ccc(Cl)c2Cl)c(Cl)c1,-7.43,CXKIGWXPPVZSQK-UHFFFAOYSA-N
O=c1[nH]c2c(c(=O)n1C1CCCCC1)CCC2,-4.594,ZTMKADLOSYKWCA-UHFFFAOYSA-N
CCOP(=S)(OCC)SCSCC,-4.11,BULVZWIRKLYCBC-UHFFFAOYSA-N
CCOc1ccc(NC(C)=O)cc1,-2.35,CPJSUEIXXCENMM-UHFFFAOYSA-N
CCN(CC)c1c([N+](=O)[O-])cc(C(F)(F)F)c(N)c1[N+](=O)[O-],-5.47,OFDYMSKSGFSLLM-UHFFFAOYSA-N
CCCCCCCO,-1.81,BBMCTIGTTCKYKF-UHFFFAOYSA-N
Cn1c(=O)c2[nH]cnc2n(C)c1=O,-1.39,ZFXYFBGIUFBOJW-UHFFFAOYSA-N
CCCCC1(CC)C(=O)NC(=O)NC1=O,-1.661,STDBAQMTJLUMFW-UHFFFAOYSA-N
ClC(Cl)=C(c1ccc(Cl)cc1)c1ccc(Cl)cc1,-6.9,UCNVFOCBFJOQAL-UHFFFAOYSA-N
CCCCCCCC(=O)OC,-3.17,JGHZJRVDZXSNKQ-UHFFFAOYSA-N
CCc1ccc(CC)cc1,-3.75,DSNHSQKRULAAEI-UHFFFAOYSA-N
CCOP(=S)(OCC)SCSC(C)(C)C,-4.755,XLNZEKHULJKQBA-UHFFFAOYSA-N
COC(=O)Nc1cccc(OC(=O)Nc2cccc(C)c2)c1,-4.805,IDOWTHOLJBTAFI-UHFFFAOYSA-N
Cc1cccc2c1Cc1ccccc1-2,-5.22,GKEUODMJRFDLJY-UHFFFAOYSA-N
CCCCC=O,-0.85,HGBOYTHUEUWSSQ-UHFFFAOYSA-N
c1ccc(Nc2ccccc2)cc1,-3.504,DMBHHRLKUKUOEG-UHFFFAOYSA-N
CN(C)C(=O)SCCCCOc1ccccc1,-3.927,HMIBKHHNXANVHR-UHFFFAOYSA-N
CCCOP(=S)(OCCC)SCC(=O)N1CCCCC1C,-4.15,UNLYSVIDNRIVFJ-UHFFFAOYSA-N
CCCCCCCI,-4.81,LMHCYRULPLGEEZ-UHFFFAOYSA-N
Clc1cccc(-c2ccccc2)c1,-4.88,NMWSKOLWZZWHPL-UHFFFAOYSA-N
C=CCCCO,-0.15,LQAVWYMTUMSFBE-UHFFFAOYSA-N
O=C1NC(=O)C2(CCC2)C(=O)N1,-1.655,VQDXQNNYGSEHPU-UHFFFAOYSA-N
CC1CCC(C(C)C)C(O)C1,-2.53,NOOLISFMXDJSKH-UHFFFAOYSA-N
CC(C)OC=O,-0.63,RMOUBSOVHSONPZ-UHFFFAOYSA-N
CCCCCC(C)O,-1.55,CETWDUZRCINIHU-UHFFFAOYSA-N
CC(=O)Nc1ccc(Br)cc1,-3.083,MSLICLMCQYQNPK-UHFFFAOYSA-N
Nc1cnn(-c2ccccc2)c(=O)c1Br,-3.127,ODNZLRLWXRXPOH-UHFFFAOYSA-N
COC(=O)C1=C(C)NC(C)=C(C(=O)OC)C1c1ccccc1[N+](=O)[O-],-4.76,HYIMSNHJOBLJNT-UHFFFAOYSA-N
Cc1ccc2ccc(C)nc2c1,-1.94,QXKPLNCZSFACPU-UHFFFAOYSA-N
C#CCCCCCC,-3.66,UMIPWJGWASORKV-UHFFFAOYSA-N
CCC1(C2=CCCCC2)C(=O)NC(=O)NC1=O,-2.17,WTYGAUXICFETTC-UHFFFAOYSA-N
c1ccc2c(c1)ccc1c3ccccc3ccc21,-8.057,WDECIBYCCFPHNR-UHFFFAOYSA-N
CCC(C)n1c(=O)[nH]c(C)c(Br)c1=O,-2.523,CTSLUCNDVMMDHG-UHFFFAOYSA-N
Clc1cccc(-c2c(Cl)c(Cl)cc(Cl)c2Cl)c1Cl,-8.6,RVWLHPJFOKUPNM-UHFFFAOYSA-N
Cc1ccccc1O,-0.62,QWVGKYWNOKOFNN-UHFFFAOYSA-N
CC(C)CCC(C)(C)C,-5.05,HHOSMYBYIHNXNO-UHFFFAOYSA-N
Cc1ccc(C)c2ccccc12,-4.14,APQSQLNWAIULLK-UHFFFAOYSA-N
Cc1cc2c3ccccc3ccc2c2ccccc12,-6.57,ASVDRLYVNFOSCI-UHFFFAOYSA-N
CCCC(C)=O,-0.19,XNLICIUVMPYHGG-UHFFFAOYSA-N
Clc1cc(Cl)c(Cl)c(-c2c(Cl)c(Cl)cc(Cl)c2Cl)c1Cl,-9.15,JPOPEORRMSDUIP-UHFFFAOYSA-N
CCCOC(=O)CC,-0.82,MCSINKKTEDDPNK-UHFFFAOYSA-N
CC12C=CC(=O)C=C1CCC1C3CC(O)C(O)(C(=O)CO)C3(C)CC(O)C12F,-3.68,GFNANZIMVAIWHM-UHFFFAOYSA-N
Nc1ccc(O)cc1,-0.8,PLIKAWJENQZMHA-UHFFFAOYSA-N
O=C(Cn1ccnc1[N+](=O)[O-])NCc1ccccc1,-2.81,CULUWZNBISUWAS-UHFFFAOYSA-N
O=C1C(O)=C(C2CCC(c3ccc(Cl)cc3)CC2)C(=O)c2ccccc21,-5.931,KUCQYCKVKVOKAY-UHFFFAOYSA-N
CCNc1nc(Cl)nc(N(CC)CC)n1,-4.06,HFBWPRKWDIRYNX-UHFFFAOYSA-N
NC(=O)c1cnccn1,-0.667,IPEHBUMCGVEMRF-UHFFFAOYSA-N
CCC(Br)(CC)C(=O)NC(N)=O,-2.68,OPNPQXLQERQBBV-UHFFFAOYSA-N
Clc1ccccc1-c1ccccc1Cl,-5.27,JAYCNKDKIKZTAF-UHFFFAOYSA-N
O=C1CN(N=Cc2ccc([N+](=O)[O-])o2)C(=O)N1,-3.38,NXFQHRVNIOXGAQ-UHFFFAOYSA-N
O=[N+]([O-])c1ccc(Oc2ccc(Cl)cc2Cl)cc1,-5.46,XITQUSLLOSKDTB-UHFFFAOYSA-N
CC12CCC(CC1=O)C2(C)C,-1.96,DSSYKIVIOFKYAU-UHFFFAOYSA-N
C=CCC1(c2ccccc2)C(=O)NC(=O)NC1=O,-2.369,WOIGZSBYKGQJGL-UHFFFAOYSA-N
CCCCC(=O)OCC,-2.25,ICMAFTSLXCXHRK-UHFFFAOYSA-N
CC(=O)OCCC(C)C,-1.92,MLFHJEHSLIIPHL-UHFFFAOYSA-N
CCCCCC(=O)OCN1C(=O)NC(c2ccccc2)(c2ccccc2)C1=O,-5.886,OLWXRKNZPGNRLT-UHFFFAOYSA-N
Clc1cccc(-c2cc(Cl)ccc2Cl)c1,-6.01,ONNCPBRWFSKDMQ-UHFFFAOYSA-N
CCCC1COC(Cn2cncn2)(c2ccc(Cl)cc2Cl)O1,-3.493,STJLVHWMYQXCPB-UHFFFAOYSA-N
COP(=S)(OC)SCC(=O)N(C)C=O,-1.995,AIKKULXCBHRFOS-UHFFFAOYSA-N
Cc1ncnc2nccnc12,-0.466,WESDBLALURHRDL-UHFFFAOYSA-N
Cc1ccc(C)cc1,-2.77,URLKBWYHVLBVBO-UHFFFAOYSA-N
CCc1ccccc1CC,-3.28,KVNYFPKFSJIPBJ-UHFFFAOYSA-N
ClC(Cl)(Cl)C(Cl)(Cl)Cl,-3.67,VHHHONWQHHHLTI-UHFFFAOYSA-N
CC(C)C(C(=O)OC(C#N)c1cccc(Oc2ccccc2)c1)c1ccc(OC(F)F)cc1,-6.876,GBIHOLCMZGAKNG-UHFFFAOYSA-N
CCC[N+](=O)[O-],-0.8,JSZOAYXJRCEYSX-UHFFFAOYSA-N
CC1CCC(C(C)C)C(=O)C1,-2.35,NFLGAXVYCFJBMK-UHFFFAOYSA-N
CCN1c2cc(Cl)ccc2NC(=O)c2cccnc21,-5.36,ZSFUDSWIVAQKEN-UHFFFAOYSA-N
O=[N+]([O-])c1cccc(Cl)c1Cl,-3.48,CMVQZRLQEOAYSW-UHFFFAOYSA-N
C=CCC1(C(C)CCC)C(=O)NC(=S)NC1=O,-3.46,XLOMZPUITCYLMJ-UHFFFAOYSA-N
c1ccc2c(c1)-c1cccc3cccc-2c13,-6.0,GVEPBJHOBDJJJI-UHFFFAOYSA-N
CCCOC(C)C,-1.34,JIEJJGMNDWIGBJ-UHFFFAOYSA-N
Cc1cc(C)c2ccccc2c1,-4.29,QHJMFSMPSZREIF-UHFFFAOYSA-N
CCC(=C(CC)c1ccc(O)cc1)c1ccc(O)cc1,-4.07,RGLYKWWBQGJZGM-UHFFFAOYSA-N
N#Cc1c(Cl)c(Cl)c(Cl)c(C#N)c1Cl,-5.64,CRQQGFGUEAVUIL-UHFFFAOYSA-N
Clc1ccc(Cl)c(-c2ccc(Cl)c(Cl)c2)c1,-7.25,KENZYIHFBRWMOD-UHFFFAOYSA-N
c1ccc(C2CO2)cc1,-1.6,AWMVMTVKBNGEAK-UHFFFAOYSA-N
CC(C)c1ccccc1,-3.27,RWGFKTVRMDUZSP-UHFFFAOYSA-N
CC12CCC(=O)C=C1CCC1C2CCC2(C)C(C(=O)CO)CCC12,-3.45,ZESRJSPZRDMNHY-UHFFFAOYSA-N
Clc1c(Cl)c(Cl)c2nccnc2c1Cl,-5.43,NHTGQOXRZFUGJX-UHFFFAOYSA-N
OC1COC(O)C(O)C1O,0.39,SRBFZHDQGSBBOR-UHFFFAOYSA-N
CCc1cccc2ccccc12,-4.17,ZMXIYERNXPIYFR-UHFFFAOYSA-N
O=[N+]([O-])c1ccccc1O,-1.74,IQUPABOKLQSFBK-UHFFFAOYSA-N
Cc1c[nH]c(=O)[nH]c1=O,-1.506,RWQNBRDOKXIBIV-UHFFFAOYSA-N
OCC1OC(n2cnc3c(O)ncnc32)C(O)C1O,-1.23,UGQMRVRMYYASKQ-UHFFFAOYSA-N
N#Cc1cc(I)c(O)c(I)c1,-3.61,NRXQIUSYPAHGNM-UHFFFAOYSA-N
O=C(Nc1ccc([N+](=O)[O-])cc1Cl)c1cc(Cl)ccc1O,-4.7,RJMUSRYZPJIFPJ-UHFFFAOYSA-N
CCCCC,-3.18,OFBQJSOFQDEBGM-UHFFFAOYSA-N
Oc1ccccc1,0.0,ISWSIDIOOBJBQZ-UHFFFAOYSA-N
Nc1ccc2cc3ccccc3cc2c1,-5.17,YCSBALJAGZKWFF-UHFFFAOYSA-N
Cn1cnc2c1c(=O)[nH]c(=O)n2C,-2.523,YAPQBXQYLJRXSA-UHFFFAOYSA-N
c1ccc2cnccc2c1,-1.45,AWJUIBRHMBBTKR-UHFFFAOYSA-N
COP(=S)(OC)SCC(=O)N(c1ccc(Cl)cc1)C(C)C,-4.432,NXQDBZGWYSEGFL-UHFFFAOYSA-N
CCCCCCc1ccccc1,-5.21,LTEQMZWBSYACLV-UHFFFAOYSA-N
Clc1ccccc1-c1ccccc1,-4.54,LAXBNTIAOJWAOP-UHFFFAOYSA-N
C=C(C)CCC,-3.03,WWUVJRULCWHUSA-UHFFFAOYSA-N
CC(C)C(C)C(C)C,-4.8,RLPGDEORIPLBNF-UHFFFAOYSA-N
Clc1cc(Cl)c(Cl)c(Cl)c1Cl,-5.65,CEOCDNVZRAIOQZ-UHFFFAOYSA-N
O=[N+]([O-])c1cccc(O)c1,-1.01,RTZZCYNQPHTPPL-UHFFFAOYSA-N
C=CCCCCCCCC,-5.51,AFFLGGQVNFXPEV-UHFFFAOYSA-N
CC(=O)OCC(COC(C)=O)OC(C)=O,-0.6,URAYPUMNDPQOKB-UHFFFAOYSA-N
CCCCc1c(C)nc(N(C)C)nc1O,-2.24,CJHXCRMKMMBYJQ-UHFFFAOYSA-N
CC1(C)C(C=C(Cl)Cl)C1C(=O)OC(C#N)c1ccc(F)c(Oc2ccccc2)c1,-7.337,QQODLKZGRKWIFG-UHFFFAOYSA-N
c1ccncc1,0.76,JUJWROOIHBZHMG-UHFFFAOYSA-N
CCCCCCCBr,-4.43,LSXKDWGTSHCFPP-UHFFFAOYSA-N
Cc1ccncc1C,0.36,NURQLCJSMXZBPC-UHFFFAOYSA-N
CC12CCC(=O)C=C1CCC1C3CCC(O)(C(=O)CO)C3(C)CC(O)C12F,-3.43,AAXVEMMRQDVLJB-UHFFFAOYSA-N
CCSCc1ccccc1OC(=O)NC,-2.09,HEZNVIYQEUHLNI-UHFFFAOYSA-N
CCOC(=O)CC(=O)OCC,-0.82,IYXGSMUGOJNHAZ-UHFFFAOYSA-N
C=C(C)C1CC=C(C)CC1,-4.26,XMGQYMWWDOXHJM-UHFFFAOYSA-N
c1ccc2c(c1)CCC2,-3.04,PQNFLJBBNBOBRQ-UHFFFAOYSA-N
CC(C)(C)c1ccc(O)cc1,-2.41,QHPQWRBYOIRBIT-UHFFFAOYSA-N
O=C1NC(=O)C2(CC2)C(=O)N1,-1.886,PQVZDTWRGIHYCU-UHFFFAOYSA-N
Clc1cccc(I)c1,-3.55,JMLWXCJXOYDXRN-UHFFFAOYSA-N
Brc1cccc2ccccc12,-4.35,DLKQHBOKULLWDQ-UHFFFAOYSA-N
CC=CCC,-2.54,QMMOXUPEWRXHJS-UHFFFAOYSA-N
Cc1cccc(C)n1,0.45,OISVCGZHLKNMSJ-UHFFFAOYSA-N
ClC=C(Cl)Cl,-1.96,XSTXAVWGXDQKEL-UHFFFAOYSA-N
Nc1cccc2ccccc12,-1.92,RUFPHBVGCFYCNW-UHFFFAOYSA-N
Cc1cccc(C)c1,-2.82,IVSZLXZYQVIEFR-UHFFFAOYSA-N
Oc1ncc2nccnc2n1,-1.947,VWXIHLCLIOQWRA-UHFFFAOYSA-N
CCC1(CCC(C)C)C(=O)NC(=O)NC1=O,-2.468,VIROVYVQCGLCII-UHFFFAOYSA-N
CCC(C)=O,0.52,ZWEHNKRNPOVVGH-UHFFFAOYSA-N
O=c1[nH]cc(F)c(=O)[nH]1,-1.077,GHASVSINZRGABV-UHFFFAOYSA-N
Nc1ncnc2c1ccn2C1OC(CO)C(O)C1O,-1.95,HDZZVAMISRMYHH-UHFFFAOYSA-N
Oc1cccc(O)c1,0.81,GHMLBKRAJCXXBS-UHFFFAOYSA-N
CCCCCCO,-1.24,ZSIAUFGUXNUGDI-UHFFFAOYSA-N
CCCCCCl,-2.73,SQCZQTSHSZLZIQ-UHFFFAOYSA-N
CCCOC(C)=O,-0.72,YKYONYBAUNKHLG-UHFFFAOYSA-N
Oc1ccc2c(c1)CCCC2,-1.99,UMKXSOXZAXIOPJ-UHFFFAOYSA-N
NC(=O)CCl,-0.02,VXIVSQZSERGHQP-UHFFFAOYSA-N
COP(=S)(OC)Oc1cc(Cl)c(I)cc1Cl,-6.62,LFVLUOAHQIVABZ-UHFFFAOYSA-N
Cc1ccc(Cl)cc1,-3.08,NPDACUSDTOMAMK-UHFFFAOYSA-N
CSc1nnc(C(C)(C)C)c(=O)n1N,-2.253,FOXFZRUHNHCZPX-UHFFFAOYSA-N
Cc1ccc(OP(=O)(Oc2cccc(C)c2)Oc2ccccc2C)cc1,-6.01,FSNFYCPCXFQJSI-UHFFFAOYSA-N
CCCCCC=O,-1.3,JARKCYVAAOWBJS-UHFFFAOYSA-N
CCCCOC(=O)c1ccc(N)cc1,-3.082,IUWVALYLNVXWKX-UHFFFAOYSA-N
Cc1ccc2c(c1)Oc1ncc(N)cc1C(=O)N2C,-3.043,MUKSMBAVCDPKRC-UHFFFAOYSA-N
CC(C)=CCCC(C)=CCO,-2.46,GLZPCOQZEFWAFX-UHFFFAOYSA-N
Clc1ccc(-c2ccccc2Cl)cc1,-5.28,UFNIBRDIUNVOMX-UHFFFAOYSA-N
CCCCCCCC(=O)OCN1C(=O)NC(c2ccccc2)(c2ccccc2)C1=O,-6.523,IDZYLIZKJFAXAS-UHFFFAOYSA-N
CC[N+](=O)[O-],-0.22,MCSAJNNLRCFZED-UHFFFAOYSA-N
C=C(C)CN(CC)c1c([N+](=O)[O-])cc(C(F)(F)F)cc1[N+](=O)[O-],-6.124,PTFJIKYUEPWBMS-UHFFFAOYSA-N
Clc1ccc(Cl)c(Cl)c1Cl,-4.57,GBDZXPJXOMHESU-UHFFFAOYSA-N
CCCC(C)(COC(N)=O)COC(N)=O,-1.807,NPPQSCRMBWNHMW-UHFFFAOYSA-N
CC(=O)C1CCC2C3CC=C4CC(O)CCC4(C)C3CCC12C,-4.65,ORNBQBCIOKFOEO-UHFFFAOYSA-N
CC1CC(C)C(=O)C(C(O)CC2CC(=O)NC(=O)C2)C1,-1.13,YPHMISFOHDHNIV-UHFFFAOYSA-N
CCCCCCC(=O)OCN1C(=O)NC(c2ccccc2)(c2ccccc2)C1=O,-6.301,FFGKFDRZZAJYCH-UHFFFAOYSA-N
CC1=CC(=O)CC(C)(C)C1,-1.06,HJOVHMDZYOCNQW-UHFFFAOYSA-N
CCC(C)C1(CC)C(=O)NC(=O)NC1=O,-2.39,ZRIHAIZYIMGOAB-UHFFFAOYSA-N
CCCCC(=O)CCCC,-2.58,WSGCRAOTEDLMFQ-UHFFFAOYSA-N
CCC1(c2ccccc2)CCC(=O)NC1=O,-2.337,JMBQKKAJIKAWKF-UHFFFAOYSA-N
CCC(C)CC,-3.68,PFEOZHBOMNWTJB-UHFFFAOYSA-N
CCOc1ccc(C(C)(C)COCc2cccc(Oc3ccccc3)c2)cc1,-8.6,YREQHYQNNWYQCJ-UHFFFAOYSA-N
Cc1ccccc1-n1c(C)nc2ccccc2c1=O,-2.925,JEYCTXHKTXCGPB-UHFFFAOYSA-N
CCOP(=S)(CC)Oc1cc(Cl)c(Cl)cc1Cl,-5.752,ANIAQSUBRGXWLS-UHFFFAOYSA-N
C#CC1(O)CCC2C3CCC4=CC(=O)CCC4(C)C3CCC21C,-5.66,CHNXZKVNWQUJIB-UHFFFAOYSA-N
c1ccnnc1,1.1,PBMFSQRYOILNGV-UHFFFAOYSA-N
Clc1cc(Cl)c(Cl)c(Cl)c1,-4.63,QZYNWJQFTJXIRN-UHFFFAOYSA-N
CC1COC2CC3(C)C(CC4C5C=C6CC(O)CCC6(C)CC5CCC43C)OC2C1,-7.32,CPMZWWWXIWHTMU-UHFFFAOYSA-N
Nc1ccccc1O,-0.72,CDAWCLOXVUBKRW-UHFFFAOYSA-N
CCCCCCCCC(=O)OCC,-3.8,BYEVBITUADOIGY-UHFFFAOYSA-N
COCC(=O)N(c1c(C)cccc1C)C(C)C(=O)OC,-1.601,ZQEIXNIJLIKNTD-UHFFFAOYSA-N
CNC(=O)Oc1ccccc1OC(C)C,-2.05,ISRUGXGCCGIOQO-UHFFFAOYSA-N
CCC(C)Cl,-1.96,BSPCSKHALVHRSR-UHFFFAOYSA-N
Oc1ccc2ccccc2c1,-2.28,JWAZRIHNYRIHIV-UHFFFAOYSA-N
CC(C)Oc1cc(-n2nc(C(C)(C)C)oc2=O)c(Cl)cc1Cl,-5.696,CHNUNORXWHYHNE-UHFFFAOYSA-N
C#CCCCC,-2.36,CGHIBGNXEGJPQZ-UHFFFAOYSA-N
C#CCCCCCCC,-4.24,OSSQSXOTMIGBCF-UHFFFAOYSA-N
Cc1ccccc1Cl,-3.52,IBSQPLPBRSHTTG-UHFFFAOYSA-N
CC(C)OC(C)C,-1.1,ZAFNJMIOTHYJRJ-UHFFFAOYSA-N
Nc1ccc(S(=O)(=O)c2ccc(N)cc2)cc1,-3.094,MQJKPEGWNLWLTK-UHFFFAOYSA-N
CCOP(=S)(OCC)ON=C(C#N)c1ccccc1,-4.862,ATROHALUCMTWTB-UHFFFAOYSA-N
CCNP(=S)(OC)OC(C)=CC(=O)OC(C)C,-3.408,BZNDWPRGXNILMS-UHFFFAOYSA-N
O=c1[nH]cnc2nc[nH]c12,-2.296,FDGQSTZJBFJUBT-UHFFFAOYSA-N
Oc1ccc2ncccc2c1,-2.16,OVYWMEWYEJLIER-UHFFFAOYSA-N
Fc1ccccc1,-1.8,PYLWMHQQBFSUBP-UHFFFAOYSA-N
CCOC(C)=O,-0.04,XEKOWRVHYACXOJ-UHFFFAOYSA-N
CCCC(C)(C)C,-4.36,CXOWYJMDMMMMJO-UHFFFAOYSA-N
Cc1cc(C)c(C)c(C)c1C,-4.0,BEZDDPMMPIDMGJ-UHFFFAOYSA-N
CC12CCC(CC1)C(C)(C)O2,-1.64,WEEGYLXZBRQIMU-UHFFFAOYSA-N
CCCCOC(=O)CCCCCCCCC(=O)OCCCC,-3.896,PYGXAGIECVVIOZ-UHFFFAOYSA-N
Clc1ccc(-c2ccc(Cl)cc2)cc1,-6.56,YTBRNEUEFCNVHC-UHFFFAOYSA-N
Cc1cccnc1C,0.38,HPYNZHMRTTWQTB-UHFFFAOYSA-N
C=C(C)C1CC=C(C)C(=O)C1,-2.06,ULDHMXUKGWMISQ-UHFFFAOYSA-N
CCOP(=S)(OCC)SCSc1ccc(Cl)cc1,-5.736,VEDTXTNSFWUXGQ-UHFFFAOYSA-N
COc1cc(C2c3cc4c(cc3C(OC3OC5COC(C)OC5C(O)C3O)C3COC(=O)C23)OCO4)cc(OC)c1O,-3.571,VJJPUSNTGOMMGY-UHFFFAOYSA-N
c1cc2cccc3c4cccc5cccc(c(c1)c23)c54,-8.804,CSHWQDPOILHKBI-UHFFFAOYSA-N
Cc1ccc([N+](=O)[O-])cc1[N+](=O)[O-],-2.82,RMBFBMJGBANMMK-UHFFFAOYSA-N
Brc1ccc2ccccc2c1,-4.4,APSMUYYLXZULMS-UHFFFAOYSA-N
CNC(=O)Oc1cccc(N=CN(C)C)c1,-2.34,RMFNNCGOSPBBAD-UHFFFAOYSA-N
COc1cnc2ncncc2n1,-1.139,AWIJPALBOQNRBS-UHFFFAOYSA-N
Cc1ccnc2c1NC(=O)c1cccnc1N2C1CC1,-3.19,NQDJXKOVJZTUJA-UHFFFAOYSA-N
CCOP(=S)(OCC)Oc1nc(Cl)n(C(C)C)n1,-3.658,XRHGWAGWAHHFLF-UHFFFAOYSA-N
C=CC(=C)C,-2.03,RRHGJUQNOFWUDK-UHFFFAOYSA-N
C=CC(C)(O)CCC=C(C)C,-1.99,CDOSHBSSFJOMGT-UHFFFAOYSA-N
COP(=S)(OC)Oc1ccc(SC)c(C)c1,-4.57,PNVJTZOFSHSLTO-UHFFFAOYSA-N
OC1CCCCC1,-0.44,HPXRVTGHNJAIIH-UHFFFAOYSA-N
C=CCC1(C)C(=O)NC(=O)NC1=O,-1.16,WMSQREUDUHHDDC-UHFFFAOYSA-N
CC12CCC3C(CCC4CC(O)CCC43C)C1CCC2=O,-4.16,QGXBDMJGAMFCBF-UHFFFAOYSA-N
OCC(O)C(O)C(O)C(O)CO,0.06,FBPFZTCFMRRESA-UHFFFAOYSA-N
Cc1ccc(-c2ccccc2)cc1,-4.62,ZZLCFHIKESPLTH-UHFFFAOYSA-N
CCNc1nc(Cl)nc(NC(C)C)n1,-3.85,MXWJVTOOROXGIU-UHFFFAOYSA-N
NC(=S)Nc1ccccc1,-1.77,FULZLIGZKMKICU-UHFFFAOYSA-N
CCCC(=O)CCC,-1.3,HCFAJYNVAYBARA-UHFFFAOYSA-N
CC(=O)C(C)(C)C,-0.72,PJGSXYOJTGTZAV-UHFFFAOYSA-N
Oc1ccc(Cl)cc1,-0.7,WXNZTHHGJRFXKQ-UHFFFAOYSA-N
O=C1CCCCC1,-0.6,JHIVVAPYMSGYDF-UHFFFAOYSA-N
Cc1cccc(N)c1,-0.85,JJYPMNFTHPTTDI-UHFFFAOYSA-N
N#CC(Cl)(Cl)Cl,-2.168,DRUIESSIVFYOMK-UHFFFAOYSA-N
CNc1cnn(-c2cccc(C(F)(F)F)c2)c(=O)c1Cl,-4.046,NVGOPFQZYCNLDU-UHFFFAOYSA-N
CCCCCCCCC(C)=O,-3.3,ZAJNGDIORYACQU-UHFFFAOYSA-N
CCN(CC)c1nc(Cl)nc(NC(C)C)n1,-3.785,OWYWGLHRNBIFJP-UHFFFAOYSA-N
CCOC(=O)c1ccc(N)cc1,-2.616,BLFLLBZGZJTVJG-UHFFFAOYSA-N
Clc1ccc(Cl)c(Cl)c1,-3.59,PBKONEOXTCPAFI-UHFFFAOYSA-N
Cc1nnc2n1-c1ccc(Cl)cc1C(c1ccccc1Cl)=NC2,-4.09,JOFWLTCLBGQGBO-UHFFFAOYSA-N
Oc1ccccc1O,0.62,YCIMNLLNPGFGHC-UHFFFAOYSA-N
CCN1c2ncccc2C(=O)N(C)c2cccnc21,-2.62,SVFKQHLOBRUZGV-UHFFFAOYSA-N
Cc1ccccc1Br,-2.23,QSSXJPIWXQTSIX-UHFFFAOYSA-N
CCOC(N)=O,0.85,JOYRKODLDBILNP-UHFFFAOYSA-N
CC(=O)OC1(C(C)=O)CCC2C3C=C(C)C4=CC(=O)CCC4(C)C3CCC21C,-5.35,RQZAXGRLVPAYTJ-UHFFFAOYSA-N
CC(C)C(O)C(C)C,-1.22,BAYAKMPRFGNNFW-UHFFFAOYSA-N
c1ccc2ccccc2c1,-3.6,UFWIBTONFRDIAS-UHFFFAOYSA-N
CCNc1ccccc1,-1.7,OJGMBLNIHDZDGS-UHFFFAOYSA-N
O=C1NC(=O)C(c2ccccc2)(c2ccccc2)N1,-4.097,CXOFVDLJLONNDW-UHFFFAOYSA-N
Cc1c2ccccc2c(C)c2c1ccc1ccccc12,-7.02,ARSRBNBHOADGJU-UHFFFAOYSA-N
CCOP(=S)(OCC)SC(CCl)N1C(=O)c2ccccc2C1=O,-6.34,MUMQYXACQUZOFP-UHFFFAOYSA-N
COc1ccc(C(c2ccc(OC)cc2)C(Cl)(Cl)Cl)cc1,-6.89,IAKOZHOLGAGEJT-UHFFFAOYSA-N
O=C(NC(=O)c1c(F)cccc1F)Nc1cc(Cl)c(F)c(Cl)c1F,-7.28,CJDWRQLODFKPEL-UHFFFAOYSA-N
CCCCC(=O)OCN1C(=O)NC(c2ccccc2)(c2ccccc2)C1=O,-4.678,XCEYNQCFXXAOBL-UHFFFAOYSA-N
CN(C)C(=O)Nc1ccc(Cl)cc1,-2.89,BMLIZLVNXIYGCK-UHFFFAOYSA-N
OC(Cn1cncn1)(c1ccc(F)cc1)c1ccccc1F,-3.37,JWUCHKBSVLQQCO-UHFFFAOYSA-N
CC(=O)OCC(=O)C1(O)C(OC(C)=O)CC2C3CCC4=CC(=O)C=CC4(C)C3(F)C(O)CC21C,-4.13,XGMPVBXKDAHORN-UHFFFAOYSA-N
CCCCBr,-2.37,MPPPKRYCTPRNTB-UHFFFAOYSA-N
Brc1cc(Br)c(Br)cc1Br,-6.98,QCKHVNQHBOGZER-UHFFFAOYSA-N
CC(=O)CC(C)C,-0.74,NTIZESTWPVYFNL-UHFFFAOYSA-N
CCSC(=O)N(CC)C1CCCCC1,-3.4,DFCAFRGABIXSDS-UHFFFAOYSA-N
COc1ccc(Cl)cc1,-2.78,YRGAYAGBVIXNAQ-UHFFFAOYSA-N
CC1(C)C(C=C(Br)Br)C1C(=O)OC(C#N)c1cccc(Oc2ccccc2)c1,-8.402,OWZREIFADZCYQD-UHFFFAOYSA-N
C=CCC1(C(C)CC)C(=O)NC(=O)NC1=O,-2.016,BJVVMKUXKQHWJK-UHFFFAOYSA-N
COP(=S)(OC)Oc1ccc([N+](=O)[O-])c(C)c1,-4.04,ZNOLGFHPUIJIMJ-UHFFFAOYSA-N
Ic1cccc2ccccc12,-4.55,NHPPIJMARIVBGU-UHFFFAOYSA-N
ClCC(Cl)Cl,-1.48,UBOXGVDOUJQMTN-UHFFFAOYSA-N
Cc1cc(OC(=O)N(C)C)n(-c2ccccc2)n1,-2.09,GEDIWDLJKRKBFT-UHFFFAOYSA-N
NC(=O)c1ccccc1O,-1.82,SKZKKFZAGNVIMN-UHFFFAOYSA-N
Cc1ccccc1[N+](=O)[O-],-2.33,PLAZTCDQAHEYBI-UHFFFAOYSA-N
CC(C)C1(C(C)C)C(=O)NC(=O)NC1=O,-2.766,NSQYIEOSFPLTJA-UHFFFAOYSA-N
CCc1ccccc1C,-3.21,HYFLWBNQFMXCPA-UHFFFAOYSA-N
CCCCCCCCl,-4.0,DZMDPHNGKBEVRE-UHFFFAOYSA-N
CCC1(CC)C(=O)NC(=O)NC1=O,-2.4,FTOAOBMCPZCFFF-UHFFFAOYSA-N
c1ccc(CCc2ccccc2)cc1,-4.62,QWUWMCYKGHVNAV-UHFFFAOYSA-N
ClC(Cl)C(Cl)Cl,-1.74,QPFMBZIOSGYJDE-UHFFFAOYSA-N
CCN1c2cc(OC)cc(C)c2NC(=O)c2cccnc21,-5.153,PVVKNINYCJVIFZ-UHFFFAOYSA-N
Cc1ccc2c(ccc3ccccc32)c1,-5.84,KANLOADZXMMCQA-UHFFFAOYSA-N
CCCCOC(=O)c1ccccc1C(=O)OCCCC,-4.4,DOIRQSBPFJWKBE-UHFFFAOYSA-N
COc1c(O)c(Cl)c(Cl)c(Cl)c1Cl,-4.02,YZZVKLJKDFFSFL-UHFFFAOYSA-N
CCN(CC)C(=O)C(Cl)=CCOP(=O)(OC)OC,0.523,RWXKUYSKUSXRGL-UHFFFAOYSA-N
CC12CCC3C(=CCc4cc(O)ccc43)C1CCC2=O,-5.282,WKRLQDKEXYKHJB-UHFFFAOYSA-N
CCOC(=O)c1ccccc1S(=O)(=O)NN(C=O)c1nc(Cl)cc(OC)n1,-4.576,MBDMKWJEKDHRRP-UHFFFAOYSA-N
COc1ccc([N+](=O)[O-])cc1,-2.41,BNUHAJGCKIQFGE-UHFFFAOYSA-N
CCCCCCCl,-3.12,MLRVZFYXUZQSRU-UHFFFAOYSA-N
Clc1cc(-c2cc(Cl)c(Cl)c(Cl)c2Cl)c(Cl)c(Cl)c1Cl,-9.16,DTMRKGRREZAYAP-UHFFFAOYSA-N
OCC1OC(OCC2OC(OC3(CO)OC(CO)C(O)C3O)C(O)C(O)C2O)C(O)C(O)C1O,-0.41,MUPFEKGTMRGPLJ-UHFFFAOYSA-N
CCCCCCCCCCCCCCCCCCCCCCCCCC,-8.334,HMSWAIKSFDFLKN-UHFFFAOYSA-N
CCN1c2ccccc2N(C)C(=O)c2cccnc21,-3.324,QIBWCUCLHZVYNL-UHFFFAOYSA-N
Nc1ccc(S(N)(=O)=O)cc1,-1.34,FDDDEECHVMSUSB-UHFFFAOYSA-N
CCCN(CCC)c1c([N+](=O)[O-])cc(C(C)C)cc1[N+](=O)[O-],-6.49,NEKOXWSIMFDGMA-UHFFFAOYSA-N
ClC1C(Cl)C(Cl)C(Cl)C(Cl)C1Cl,-4.64,JLYXXMFPNIAWKQ-UHFFFAOYSA-N
CCOP(=S)(NC(C)C)Oc1ccccc1C(=O)OC(C)C,-4.194,HOQADATXFBOEGG-UHFFFAOYSA-N
Clc1cccc(Cl)c1Cl,-4.0,RELMFMZEBKVZJC-UHFFFAOYSA-N
ClC(Cl)(Cl)Cl,-2.31,VZGDMQKNWNREIO-UHFFFAOYSA-N
O=[N+]([O-])c1ccc(Cl)c(Cl)c1,-3.2,NTBYINQTYWZXLH-UHFFFAOYSA-N
OC1CCCCCCC1,-1.29,FHADSMKORVFYOS-UHFFFAOYSA-N
CC12CCC(=O)C=C1CCC1C2CCC2(C)C1CCC2(C)O,-3.999,GCKMFJBGXUYNAG-UHFFFAOYSA-N
CCOc1ccc(NC(N)=O)cc1,-2.17,GGLIEWRLXDLBBF-UHFFFAOYSA-N
CC1CCC(C)CC1,-4.47,QRMPKOFEUHIBNM-UHFFFAOYSA-N
c1cnc2c(c1)ccc1ncccc12,-2.68,OZKOMUDCMCEDTM-UHFFFAOYSA-N
COC(C)(C)C,-0.24,BZLVMXJERCGZMT-UHFFFAOYSA-N
CC=Cc1ccc(OC)cc1,-3.13,RUVINXPYWBROJD-UHFFFAOYSA-N
CCCCCCCCCCCCCCCCO,-7.0,BXWNKGSJHAJOGX-UHFFFAOYSA-N
O=c1cc[nH]c(=O)[nH]1,-1.488,ISAKRJDGNUQOIC-UHFFFAOYSA-N
Nc1ncnc2nc[nH]c12,-2.12,GFFGJBXGBJISGV-UHFFFAOYSA-N
Clc1cc(Cl)c(-c2cccc(Cl)c2Cl)cc1Cl,-7.21,JTUSORDQZVOEAZ-UHFFFAOYSA-N
COc1ccc(C(O)(c2cncnc2)C2CC2)cc1,-2.596,HUTDUHSNJYTCAR-UHFFFAOYSA-N
c1ccc2c(c1)-c1cccc3c1c-2cc1ccccc13,-8.23,FTOVXSOBNPWTSH-UHFFFAOYSA-N
O=C(Nc1ccccc1)Nc1ccccc1,-3.15,GWEHVDNNLFDJLR-UHFFFAOYSA-N
CCC1(c2ccccc2)C(=O)NC(=O)NC1=O,-2.322,DDBREPKUVSBGFI-UHFFFAOYSA-N
Clc1ccc(-c2cccc(Cl)c2Cl)cc1,-6.29,ZMHWQAHZKUPENF-UHFFFAOYSA-N
CC(C)c1ccc(NC(=O)N(C)C)cc1,-3.536,PUIYMUZLKQOUOZ-UHFFFAOYSA-N
CCN(CC)C(=O)CSc1ccc(Cl)nn1,-1.716,SSLKKMZJCJBOML-UHFFFAOYSA-N
CCC(C)(C)CO,-1.04,XRMVWAKMXZNZIL-UHFFFAOYSA-N
CCCOC(=O)CCC,-1.75,HUAZGNHGCJGYNP-UHFFFAOYSA-N
Cc1c([N+](=O)[O-])cc([N+](=O)[O-])cc1[N+](=O)[O-],-3.22,SPSSULHKWOKEEL-UHFFFAOYSA-N
CC(C)OP(=S)(OC(C)C)SCCNS(=O)(=O)c1ccccc1,-4.2,RRNIZKPFKNDSRS-UHFFFAOYSA-N
C1CCCCCC1,-3.51,DMEGYFMYUHOHGS-UHFFFAOYSA-N
CCCOC=O,-0.49,KFNNIILCVOLYIR-UHFFFAOYSA-N
Cc1ccccc1C(C)C,-3.76,WWRCMNKATXZARA-UHFFFAOYSA-N
Nc1cccc(Cl)c1,-1.37,PNPCRKVUWYDDST-UHFFFAOYSA-N
CC(C)CC(C)C,-4.26,BZHMBWZPUJHVEE-UHFFFAOYSA-N
c1ccc2c(c1)oc1ccccc12,-4.6,TXCDCPKCNAJMEE-UHFFFAOYSA-N
CCOC1Oc2ccc(OS(C)(=O)=O)cc2C1(C)C,-3.42,IRCMYGHHKLLGHV-UHFFFAOYSA-N
CN(C)C(=O)Nc1cccc(C(F)(F)F)c1,-3.43,RZILCCPWPBTYDO-UHFFFAOYSA-N
c1ccc2nc3ccccc3cc2c1,-3.67,DZBUGLKDJFMEHC-UHFFFAOYSA-N
CC12CCC(=O)C=C1CCC1C2C(=O)CC2(C)C1CCC2(O)C(=O)CO,-3.11,MFYSYFVPBJMHGN-UHFFFAOYSA-N
OCC1OC(O)C(O)C(O)C1O,0.74,WQZGKKKJIJFFOK-UHFFFAOYSA-N
Cc1cccc(O)c1,-0.68,RLSSMJSEOOYNOY-UHFFFAOYSA-N
CC1Cc2ccccc2N1NC(=O)c1ccc(Cl)c(S(N)(=O)=O)c1,-3.586,NDDAHWYSQHTHNT-UHFFFAOYSA-N
CCC(C)C(=O)OC1CC(C)C=C2C=CC(C)C(CCC3CC(O)CC(=O)O3)C21,-6.005,PCZOHLXUXFIOCF-UHFFFAOYSA-N
O=[N+]([O-])c1ccc([N+](=O)[O-])cc1,-3.39,FYFDQJRXFWGIBS-UHFFFAOYSA-N
CCC1(C2=CCC3CCC2C3)C(=O)NC(=O)NC1=O,-2.696,YGOGAACPYALXRT-UHFFFAOYSA-N
CCCCCCCCCC(=O)OCC,-4.1,RGXWDWUGBIJHDO-UHFFFAOYSA-N
CN(C)C(=O)Nc1ccccc1,-1.6,XXOYNJXVWVNOOJ-UHFFFAOYSA-N
CCCOCC,-0.66,NVJUHMXYKCUMQA-UHFFFAOYSA-N
Cc1ccc2ccccc2c1,-3.77,QIMMUPPBPVKWKM-UHFFFAOYSA-N
CCC(c1ccc(O)cc1)C(CC)c1ccc(O)cc1,-4.43,PBBGSZCBWVPOOL-UHFFFAOYSA-N
CCOC(=O)CC(SP(=S)(OC)OC)C(=O)OCC,-3.37,JXSJBGJIGXNWCI-UHFFFAOYSA-N
ClCc1ccccc1,-2.39,KCXMKQUNVWSEMD-UHFFFAOYSA-N
CC=CC=O,0.32,MLUCVPSAIODCQM-UHFFFAOYSA-N
CON(C)C(=O)Nc1ccc(Br)c(Cl)c1,-3.924,NLYNUTMZTCLNOO-UHFFFAOYSA-N
Cc1c2ccccc2c(C)c2ccccc12,-6.57,JTGMTYWYUZDRBK-UHFFFAOYSA-N
CCCCCC(=O)OC,-1.87,NUKZAGXMHTUAFE-UHFFFAOYSA-N
CN(C)C(=O)Nc1ccc(-n2nc(C(C)(C)C)oc2=O)c(Cl)c1,-4.328,DHWRNDJOGMTCPB-UHFFFAOYSA-N
CC(=O)Nc1ccc(F)cc1,-1.78,JHEFOJNPLXSWNZ-UHFFFAOYSA-N
CCc1cccc(CC)c1N(COC)C(=O)CCl,-3.26,XCSGPAVHZFQHGE-UHFFFAOYSA-N
C1=CCCCC1,-2.59,HGCIXCUEYOPUTN-UHFFFAOYSA-N
CC12CCC(=O)C=C1CCC1C2C(O)CC2(C)C1CCC2(O)C(=O)CO,-3.09,JYGXADMDTFJGBT-UHFFFAOYSA-N
c1cncnc1,1.1,CZPWVGJYEJSRLH-UHFFFAOYSA-N
O=[N+]([O-])c1ccc(Cl)cc1,-2.92,CZGCEKJOLUNIFY-UHFFFAOYSA-N
CCC(=O)OC,-0.14,RJUFJBKOKNCXHH-UHFFFAOYSA-N
O=[N+]([O-])c1ccccc1Cl,-2.55,BFCFYVKQTRLZHA-UHFFFAOYSA-N
CCCCN(C)C(=O)Nc1ccc(Cl)c(Cl)c1,-4.77,CCGPUGMWYLICGL-UHFFFAOYSA-N
CN1CC(O)N(c2nnc(C(C)(C)C)s2)C1=O,-1.877,SWMGXKSQWDSBKV-UHFFFAOYSA-N
O=[N+]([O-])c1ccccc1,-1.8,LQNUZADURLCDLV-UHFFFAOYSA-N
Ic1ccccc1,-3.01,SNHMUERNLJLMHN-UHFFFAOYSA-N
Cc1ccccc1N1C(=O)c2cc(S(N)(=O)=O)c(Cl)cc2NC1C,-3.78,AQCHWTWZEMGIFD-UHFFFAOYSA-N
COc1ccccc1OCC(O)COC(N)=O,-0.985,GNXFOGHNGIVQEH-UHFFFAOYSA-N
CCCCOCN(C(=O)CCl)c1c(CC)cccc1CC,-4.19,HKPHPIREJKHECO-UHFFFAOYSA-N
Oc1cccc(Cl)c1Cl,-1.3,UMPSXRYVXUPCOS-UHFFFAOYSA-N
CCCC(=O)OC,-1.92,UUIQMZJEGPQKFD-UHFFFAOYSA-N
CCC(=O)Nc1ccc(Cl)c(Cl)c1,-3.0,LFULEKSKNZEWOE-UHFFFAOYSA-N
Nc1nc(N)c2nc(-c3ccccc3)c(N)nc2n1,-2.404,FNYLWPVRPXGIIP-UHFFFAOYSA-N
CCCCCC(=O)OCC,-2.35,SHZIWNPUGXLXDT-UHFFFAOYSA-N
OCC(O)C1OC2OC(C(Cl)(Cl)Cl)OC2C1O,-1.84,OJYGBLRPYBAHRT-UHFFFAOYSA-N
Cc1ccc(N=CN(C)C=Nc2ccc(C)cc2C)c(C)c1,-5.47,QXAITBQSYVNQDR-UHFFFAOYSA-N
COc1nc(NC(C)C)nc(NC(C)C)n1,-2.478,ISEUFVQQFVOBCY-UHFFFAOYSA-N
C=CCCCCCC,-4.44,KWKAKUADMBZCLK-UHFFFAOYSA-N
Cc1ccc(N)cc1,-1.21,RZXMPPFPUUCRFN-UHFFFAOYSA-N
Nc1nccs1,-0.36,RAIPHJJURHTUIC-UHFFFAOYSA-N
CNC(=O)Oc1ccccc1,-1.803,SCWKRWCUMCMVPW-UHFFFAOYSA-N
CCCC(O)CC,-0.8,ZOCHHNOQQHDWHG-UHFFFAOYSA-N
Oc1c2ccccc2cc2ccccc12,-4.73,AUKRYONWZHRJRE-UHFFFAOYSA-N
Cc1ccc2cc3ccccc3cc2c1,-6.96,GYMFBYTZOGMSQJ-UHFFFAOYSA-N
Cc1cccc(C)c1C,-3.2,FYGHSUNMUKGBRK-UHFFFAOYSA-N
CNC(=O)Oc1ccc(N(C)C)c(C)c1,-2.36,IMIDOCRTMDIQIJ-UHFFFAOYSA-N
CCCCCCCC(C)O,-2.74,NGDNVOAEIVQRFH-UHFFFAOYSA-N
CN(C(=O)NC(C)(C)c1ccccc1)c1ccccc1,-3.35,FMINYZXVCTYSNY-UHFFFAOYSA-N
CCCC(=O)CC,-0.83,PFCHFHIRKBAQGU-UHFFFAOYSA-N
N#Cc1cc(Br)c(O)c(Br)c1,-3.33,UPMXNNIRAGDFEH-UHFFFAOYSA-N
Clc1ccc(-c2ccccc2)cc1Cl,-6.39,ZGHQUYZPMWMLBM-UHFFFAOYSA-N
CN(C(=O)COc1nc2ccccc2s1)c1ccccc1,-4.873,XIGAUIHYSDTJHW-UHFFFAOYSA-N
Oc1cccc2ncccc12,-2.54,GYESAYHWISMZOK-UHFFFAOYSA-N
CC1=C(C(=O)Nc2ccccc2)SCCO1,-3.14,GYSSRZJIHXQEHQ-UHFFFAOYSA-N
CCOc1ccc2nc(S(N)(=O)=O)sc2c1,-3.81,OUZWUKMCLIBBOG-UHFFFAOYSA-N
Oc1c(Cl)c(Cl)c(Cl)c(Cl)c1Cl,-4.28,IZUPBVBPLAPZRR-UHFFFAOYSA-N
CCC1(CC)C(=O)NC(=O)N(C)C1=O,-2.23,FWJKNZONDWOGMI-UHFFFAOYSA-N
CC(=O)OCC(=O)C1CCC2C3CCC4=CC(=O)CCC4(C)C3CCC12C,-4.63,VPGRYOFKCNULNK-UHFFFAOYSA-N
NC(=O)NCc1ccccc1,-0.95,RJNJWHFSKNJCTB-UHFFFAOYSA-N
Cc1ccc(NC(=O)N(C)C)cc1Cl,-3.483,JXCGFZXSOMJFOA-UHFFFAOYSA-N
CON(C)C(=O)Nc1ccc(Cl)c(Cl)c1,-3.592,XKJMBINCVNINCA-UHFFFAOYSA-N
OC1CCCCCC1,-0.88,QCRFMSUKWRQZEM-UHFFFAOYSA-N
CS(=O)(=O)c1ccc(C(O)C(CO)NC(=O)C(Cl)Cl)cc1,-2.154,OTVAEFIXJLOWRX-UHFFFAOYSA-N
CCCC(C)C1(CC)C(=O)NC(=S)NC1=O,-3.36,IUJDSEJGGMCXSG-UHFFFAOYSA-N
CC(=O)Nc1nnc(S(N)(=O)=O)s1,-2.36,BZKPWHYZMXOIDC-UHFFFAOYSA-N
O=[N+]([O-])c1ccc(O)cc1,-0.74,BTJIUGUIPKRLHP-UHFFFAOYSA-N
ClC1=C(Cl)C2(Cl)C3C4C=CC(C4)C3C1(Cl)C2(Cl)Cl,-6.307,QBYJBZPUGVGKQQ-UHFFFAOYSA-N
C1CCOC1,0.49,WYURNTSHIVDZCO-UHFFFAOYSA-N
Nc1ccccc1[N+](=O)[O-],-1.96,DPJCXCZTLWNFOH-UHFFFAOYSA-N
Clc1cccc(-c2cccc(Cl)c2Cl)c1Cl,-7.28,VTLYHLREPCPDKX-UHFFFAOYSA-N
CCCCC1C(=O)N(c2ccccc2)N(c2ccccc2)C1=O,-3.81,VYMDGNCVAMGZFE-UHFFFAOYSA-N
Cc1c([N+](=O)[O-])cccc1[N+](=O)[O-],-3.0,XTRDKALNCIHHNI-UHFFFAOYSA-N
CC(=O)C1CCC2C3CCC4=CC(=O)CCC4(C)C3CCC12C,-4.42,RJKFOVLPORLFTN-UHFFFAOYSA-N
CCN(CC)c1nc(Cl)nc(N(CC)CC)n1,-4.411,QHXDTLYEHWXDSO-UHFFFAOYSA-N
O=C1C2CC=CCC2C(=O)N1SC(Cl)(Cl)C(Cl)Cl,-5.4,JHRWWRDRBPCWTF-UHFFFAOYSA-N
Brc1ccc(Br)c(Br)c1,-4.5,FWAJPSIPOULHHH-UHFFFAOYSA-N
O=C1Nc2ccc(Cl)cc2C(c2ccccc2)=NC1O,-3.952,ADIMAYPTOBDMTL-UHFFFAOYSA-N
C=CCC1(C(C)CCC)C(=O)NC(=O)NC1=O,-2.356,KQPKPCNLIDLUMF-UHFFFAOYSA-N
Cc1ccc(C(C)C)cc1O,-2.08,RECUKUPTGUEGMW-UHFFFAOYSA-N
O=C1CSC(=S)N1,-1.77,KIWUVOGUEXMXSV-UHFFFAOYSA-N
O=c1c(O)c(-c2ccc(O)cc2O)oc2cc(O)cc(O)c12,-3.083,YXOLAZRVSSWPPT-UHFFFAOYSA-N
O=C1C2(Cl)C3(Cl)C4(Cl)C(Cl)(Cl)C5(Cl)C3(Cl)C1(Cl)C5(Cl)C24Cl,-5.259,LHHGDZSESBACKH-UHFFFAOYSA-N
CCN(CC)C(=S)SSC(=S)N(CC)CC,-4.86,AUZONCFQVSMFAP-UHFFFAOYSA-N
C1CCCCC1,-3.1,XDTMQSROBMDMFD-UHFFFAOYSA-N
ClC1=C(Cl)C(Cl)(C2(Cl)C(Cl)=C(Cl)C(Cl)=C2Cl)C(Cl)=C1Cl,-7.278,LWLJUMBEZJHXHV-UHFFFAOYSA-N
Cc1cc(Cl)ccc1N=CN(C)C,-2.86,STUSTWKEFDQFFZ-UHFFFAOYSA-N
CC12CCc3c(ccc4cc(O)ccc34)C1CCC2=O,-5.24,PDRGHUMCVRDZLQ-UHFFFAOYSA-N
CCCCCCCCO,-2.39,KBPLFHHGFOOTCA-UHFFFAOYSA-N
CCSCC,-1.34,LJSQFQKUNVCTIA-UHFFFAOYSA-N
CCC(C)(C)Cl,-2.51,CRNIHJHMEQZAAS-UHFFFAOYSA-N
Nc1ccc([N+](=O)[O-])cc1,-2.37,TYMLOMAKGOJONV-UHFFFAOYSA-N
OCC1OC(OC2C(CO)OC(O)C(O)C2O)C(O)C(O)C1O,-0.244,GUBGYTABKSRVRQ-UHFFFAOYSA-N
CCN1C(=O)c2cccnc2N(CC)c2ncccc21,-2.86,ISMYLNZMKJLINI-UHFFFAOYSA-N
Clc1ccccc1,-2.38,MVPPADPHJFYWMZ-UHFFFAOYSA-N
C=CCCCCCCC,-5.05,JRZJOMJEPLMPRA-UHFFFAOYSA-N
Brc1ccc(I)cc1,-4.56,UCCUXODGPMAHRL-UHFFFAOYSA-N
CCC(C)(O)CC,-0.36,FRDAATYAJDYRNW-UHFFFAOYSA-N
CCCCCc1ccccc1,-4.64,PWATWSYOIIXYMA-UHFFFAOYSA-N
NC(=O)NC1NC(=O)NC1=O,-1.6,POJWUDADGALRAB-UHFFFAOYSA-N
O=C(OCC(O)CO)c1ccccc1Nc1ccnc2cc(Cl)ccc12,-4.571,GWOFUCIGLDBNKM-UHFFFAOYSA-N
Clc1ccc(C(c2ccc(Cl)cc2)C(Cl)Cl)cc1,-7.2,AHJKRLASYNVKDZ-UHFFFAOYSA-N
CC(=O)OC1CCC2C3CCC4=CC(=O)CCC4(C)C3CCC12C,-5.184,DJPZSBANTAQNFN-UHFFFAOYSA-N
Clc1cccc2ccccc12,-3.93,JTPNRXUCIXHOKM-UHFFFAOYSA-N
CCN1c2ccccc2C(=O)N(C)c2ccccc21,-4.749,IUMRYNUBZSCOQG-UHFFFAOYSA-N
CCCCC(C)O,-0.89,QNVRIHYSUZMSGM-UHFFFAOYSA-N
CCCC1CCCC1,-4.74,KDIAMAVWIJYWHN-UHFFFAOYSA-N
CCOC(=O)c1cncn1C(C)c1ccccc1,-4.735,NPUKDXXFDDZOKR-UHFFFAOYSA-N
Oc1ccc(Cl)c(Cl)c1,-1.25,WDNBURPWRNALGP-UHFFFAOYSA-N
CC1(C)C(C=C(Cl)Cl)C1C(=O)OC(C#N)c1cccc(Oc2ccccc2)c1,-8.017,KAATUXNTWXVJKI-UHFFFAOYSA-N
c1ccc2ocnc2c1,-1.16,BCMCBBGGLRIHSE-UHFFFAOYSA-N
CCCCCO,-0.6,AMQJEAYHLZJPGS-UHFFFAOYSA-N
CCN(CC)c1ccccc1,-3.03,GGSUCNLOZRCGPQ-UHFFFAOYSA-N
Fc1cccc(F)c1,-2.0,UEMGWPRHOOEKTA-UHFFFAOYSA-N
N#CCCCl,-0.29,GNHMRTZZNHZDDM-UHFFFAOYSA-N
CC(C)(C)Cc1ccccc1,-4.15,CJGXJKVMUHXVHL-UHFFFAOYSA-N
Clc1ccccc1I,-3.54,MPEOPBCQHNWNFB-UHFFFAOYSA-N
c1ccc2[nH]nnc2c1,-0.78,QRUDEWIWKLJBPS-UHFFFAOYSA-N
CNC(=O)Oc1cccc2c1OC(C)(C)C2,-2.8,DUEPRVBVGDRKAG-UHFFFAOYSA-N
Cc1cccc(C)c1O,-1.29,NXXYKOUNUYWIHA-UHFFFAOYSA-N
CC(C)C(C)O,-0.18,MXLMTQWGSQIYOW-UHFFFAOYSA-N
OC(c1ccccc1)c1ccccc1,-2.55,QILSFLSDHQAZET-UHFFFAOYSA-N
CCCCCCCCCC(=O)OC,-4.69,YRHYCMZPEVDGFQ-UHFFFAOYSA-N
COP(=S)(OC)Oc1ccc([N+](=O)[O-])cc1Cl,-4.31,OTKXWJHPGBRXCR-UHFFFAOYSA-N
CC(C)CBr,-2.43,HLVFKOKELQSXIQ-UHFFFAOYSA-N
Cc1nc(N(C)C)nc(OC(=O)N(C)C)c1C,-1.95,YFGYUFNIOHWBOB-UHFFFAOYSA-N
CCCCCCBr,-3.81,MNDIARAMWBIKFW-UHFFFAOYSA-N
CCCC(C)C,-3.74,AFABGHUZZDYHJO-UHFFFAOYSA-N
Cc1c(F)c(F)c(COC(=O)C2C(C=C(Cl)C(F)(F)F)C2(C)C)c(F)c1F,-7.321,ZFHGXWPMULPQSE-UHFFFAOYSA-N
CCc1cccc(C)c1N(C(=O)CCl)C(C)COC,-2.73,WVQBLGZPHOPPFO-UHFFFAOYSA-N
O=[N+]([O-])c1ccc(C=NO)o1,-2.19,PTBKFATYSVLSSD-UHFFFAOYSA-N
CC(C)C(Nc1ccc(C(F)(F)F)cc1Cl)C(=O)OC(C#N)c1cccc(Oc2ccccc2)c1,-8.003,INISTDXBRIBGOC-UHFFFAOYSA-N
Nc1nc[nH]n1,0.522,KLSJWNVTNUYHDU-UHFFFAOYSA-N
COP(=O)(OC)C(O)C(Cl)(Cl)Cl,-0.22,NFACJZMKEDPNKN-UHFFFAOYSA-N
CCOP(=S)(OCC)SCn1c(=O)oc2cc(Cl)ccc21,-5.233,IOUNQDKNJZEDEP-UHFFFAOYSA-N
OCc1ccccc1,-0.4,WVDDGKGOMKODPV-UHFFFAOYSA-N
O=c1oc2ccccc2c(O)c1C1CCCc2ccccc21,-2.84,ULSLJYXHZDTLQK-UHFFFAOYSA-N
Oc1ccc(Br)cc1,-1.09,GZFGOTFRPZRKDS-UHFFFAOYSA-N
CC(C)CC(C)(C)C,-4.74,NHTMVDHEPJAVLT-UHFFFAOYSA-N
O=[N+]([O-])c1cc([N+](=O)[O-])cc([N+](=O)[O-])c1,-2.89,UATJOMSPNYCXIX-UHFFFAOYSA-N
CN1C(=O)CN=C(c2ccccc2)c2cc([N+](=O)[O-])ccc21,-3.796,GWUSZQUVEVMBPI-UHFFFAOYSA-N
Nc1cc(N2CCCCC2)nc(N)[n+]1[O-],-1.989,ZFMITUMMTDLWHR-UHFFFAOYSA-N
Nc1cccc2nc3ccccc3cc12,-4.22,LOMMDWBTANPFEJ-UHFFFAOYSA-N
c1ccc2cc3c(cc2c1)-c1cccc2cccc-3c12,-8.49,HAXBIWFMXWRORI-UHFFFAOYSA-N
OC(c1ccc(Cl)cc1)(c1ccc(Cl)cc1)C(Cl)(Cl)Cl,-5.666,UOAMTSKGCBMZTC-UHFFFAOYSA-N
c1cc2c3c(cccc3c1)CC2,-4.63,CWRYPZZKDGJXCA-UHFFFAOYSA-N
Brc1ccc(Br)cc1,-4.07,SWJPEBQEEAHIGZ-UHFFFAOYSA-N
Cn1c(=O)on(-c2ccc(Cl)c(Cl)c2)c1=O,-2.82,LRUUNMYPIBZBQH-UHFFFAOYSA-N
Oc1ccc(-c2ccccc2)cc1,-3.48,YXVFYQXJAXKLAK-UHFFFAOYSA-N
CC1=C(C(=O)Nc2ccccc2)CCCO1,-2.56,YPCALTGLHFLNGA-UHFFFAOYSA-N
C=COCC,-0.85,FJKIXWOMBXYWOQ-UHFFFAOYSA-N
COc1ncnc2nccnc12,-1.11,KCCOKUSVNPDIBJ-UHFFFAOYSA-N
CCCCC(C)(O)CC,-1.6,PQOSNJHBSNZITJ-UHFFFAOYSA-N
Clc1ccc(Cl)cc1,-3.27,OCJBOOLMMGQPQU-UHFFFAOYSA-N
CC(=O)OCN1C(=O)NC(c2ccccc2)(c2ccccc2)C1=O,-4.47,FBFCVJNZKBVVRP-UHFFFAOYSA-N
CSCS(=O)CC(CO)NC(=O)C=Cc1c(C)[nH]c(=O)[nH]c1=O,-1.981,XKLZIVIOZDNKEQ-UHFFFAOYSA-N
Cc1c[nH]c2ccccc12,-2.42,ZFRKQXVRDFCRJG-UHFFFAOYSA-N
COc1ncc2nccnc2n1,-1.11,NIKKSNUDXYPTRO-UHFFFAOYSA-N
CNC(=O)Oc1ccccc1C1OCCO1,-1.57,SDKQRNRRDYRQKY-UHFFFAOYSA-N
CC(C)CNC(=O)N1CCNC1=O,-2.15,SBYAVOHNDJTVPA-UHFFFAOYSA-N
CCOC(=O)NCCOc1ccc(Oc2ccccc2)cc1,-4.7,HJUFTIJOISQSKQ-UHFFFAOYSA-N
CC(=O)N(c1onc(C)c1C)S(=O)c1ccc(N)cc1,-3.59,WIDMDEHGDAFXAJ-UHFFFAOYSA-N
ClCC(Cl)(Cl)Cl,-2.18,QVLAWKAXOMEXPM-UHFFFAOYSA-N
CCCCO,0.0,LRHPLDYGYMQRHN-UHFFFAOYSA-N
CC1CCCCC1NC(=O)Nc1ccccc1,-4.11,JXVIIQLNUPXOII-UHFFFAOYSA-N
Clc1cc(Cl)cc(Cl)c1,-4.48,XKEFYDZQGKAQCN-UHFFFAOYSA-N
O=Cc1ccco1,-0.1,HYBBIBNJHNGZAN-UHFFFAOYSA-N
CC(C)CCO,-0.51,PHTQWCKDNZKARW-UHFFFAOYSA-N
O=Cc1ccc2c(c1)OCO2,-1.63,SATCULPHIDQDRE-UHFFFAOYSA-N
O=Cc1ccccc1,-1.19,HUMNYLRZRPPJDN-UHFFFAOYSA-N
C=C(C)C(=C)C,-2.4,SDJHPPZKZZWAKF-UHFFFAOYSA-N
CCOC(=O)CCN(SN(C)C(=O)Oc1cccc2c1OC(C)(C)C2)C(C)C,-4.71,FYZBOYWSHKHDMT-UHFFFAOYSA-N
CN1C(=O)c2cccnc2Oc2ccccc21,-3.672,BBMMISOHGVCAMY-UHFFFAOYSA-N
c1ccc2c(c1)Cc1ccccc1-2,-5.0,NIHNNTQXNPWCJQ-UHFFFAOYSA-N
CC1CCCCC1,-3.85,UAEPNZWRGJTJPN-UHFFFAOYSA-N
N=C(N)NS(=O)(=O)c1ccc(N)cc1,-1.99,BRBKOPJOKNSWSG-UHFFFAOYSA-N
COC(=O)c1ccc(O)cc1,-1.827,LXCFILQKKLGQFO-UHFFFAOYSA-N
CC1CCCO1,0.11,JWUJQDFVADABEY-UHFFFAOYSA-N
CC1=C2C3OC(=O)C(C)C3CCC2(C)C=CC1=O,-3.09,XJHDMGJURBVLLE-UHFFFAOYSA-N
OCc1ccccc1OC1OC(CO)C(O)C(O)C1O,-0.85,NGFMICBWJRZIBI-UHFFFAOYSA-N
CCNc1nc(NC(C)C)nc(SC)n1,-3.04,RQVYBGPQFYCBGX-UHFFFAOYSA-N
CC(=O)C1(O)CCC2C3CCC4=CC(=O)CCC4(C)C3CCC21C,-3.817,DBPWSSGDRRHUNT-UHFFFAOYSA-N
CCCC(C)O,-0.29,JYVLIDXNZAXMDK-UHFFFAOYSA-N
O=C(c1ccccc1)C(O)c1ccccc1,-2.85,ISAOCJYIOMOJEB-UHFFFAOYSA-N
Cc1ccc(O)c(C)c1,-1.19,KUFFULVDNCHOFZ-UHFFFAOYSA-N
O=[N+]([O-])c1cccc(Cl)c1,-2.77,KMAQZIILEGKYQZ-UHFFFAOYSA-N
Cc1c(N)c(=O)n(-c2ccccc2)n1C,-0.624,RLFWWDJHLFCNIJ-UHFFFAOYSA-N
Clc1ccc(-c2cc(Cl)ccc2Cl)c(Cl)c1,-6.57,ZWPVHELAQPIZHO-UHFFFAOYSA-N
ClC(Cl)=C(Cl)C(Cl)=C(Cl)Cl,-4.92,RWNKSTSCBHKHTB-UHFFFAOYSA-N
CCNc1nc(NC(C)(C)C)nc(SC)n1,-4.0,IROINLKCQGIITA-UHFFFAOYSA-N
CCC(C)CCO,-0.71,IWTBVKIGCDZRPL-UHFFFAOYSA-N
Cc1ncc2nccnc2n1,-0.12,BIGRRCHSUAXSEE-UHFFFAOYSA-N
C#CC1(O)CCC2C3CCC4=Cc5oncc5CC4(C)C3CCC21C,-5.507,POZRVZJJTULAOH-UHFFFAOYSA-N
CCCCI,-2.96,KMGBZBJJOKUPIA-UHFFFAOYSA-N
FC(F)(F)c1ccccc1,-2.51,GETTZEONDQJALK-UHFFFAOYSA-N
CCCCCCOC(=O)c1ccccc1C(=O)OCCCCCC,-6.144,KCXZNSGUUQJJTR-UHFFFAOYSA-N
c1ccc2c(c1)sc1ccccc12,-4.38,IYYZUPMFVPLQIF-UHFFFAOYSA-N
Clc1ccc(-c2ccc(Cl)c(Cl)c2Cl)c(Cl)c1,-7.8,LACXVZHAJMVESG-UHFFFAOYSA-N
Clc1ccc(-c2ccc(Cl)c(Cl)c2Cl)c(Cl)c1Cl,-8.01,BTAGRXWGMYTPBY-UHFFFAOYSA-N
CC(=O)CC(c1ccccc1)c1c(O)c2ccccc2oc1=O,-3.893,PJVWKTKQMONHTI-UHFFFAOYSA-N
OC(c1ccccc1)C(O)c1ccccc1,-1.93,IHPDTPWNFBQHEB-UHFFFAOYSA-N
COC(=O)c1ccccc1C(=O)OC,-1.66,NIQCNGHVCWTJSM-UHFFFAOYSA-N
CCCCCCCC(=O)OCC,-3.39,YYZUSRORWSJGET-UHFFFAOYSA-N
CCSSCC,-2.42,CETBSQOFQKLHHZ-UHFFFAOYSA-N
CCOCCOCC,-0.77,LZDKZFUFMNSQCJ-UHFFFAOYSA-N
Clc1cc(Cl)c(Cl)cc1Cl,-5.56,JHBKHLUZVFWLAG-UHFFFAOYSA-N
Nc1ccc(-c2ccc(N)cc2)cc1,-2.7,HFACYLZERDEVSX-UHFFFAOYSA-N
C=CCCCCC,-3.73,ZGEGCLOFRBLKSE-UHFFFAOYSA-N
CCCCc1c(C)nc(NCC)[nH]c1=O,-3.028,BBXXLROWFHWFQY-UHFFFAOYSA-N
CCCC(C)C1(CC)C(=O)NC(=O)NC1=O,-2.39,WEXRUCMBJFQVBZ-UHFFFAOYSA-N
Nc1ccccc1Cl,-1.52,AKCRQHGQIJBRMN-UHFFFAOYSA-N
COc1cccc(Cl)c1,-2.78,YUKILTJWFRTXGB-UHFFFAOYSA-N
CCCCN(CC)C(=O)SCCC,-3.53,SGEJQUSYQTVSIU-UHFFFAOYSA-N
CCCCOC=O,-1.37,NMJJFJNHVMGPGM-UHFFFAOYSA-N
CC12C=CC(=O)C=C1CCC1C2C(O)CC2(C)C1CCC2(O)C(=O)CO,-3.18,OIGNJSKKLXVSLS-UHFFFAOYSA-N
CC12CC(=O)C3C(CCC4=CC(=O)CCC43C)C1CCC2=O,-3.48,RZRPTBIGEANTGU-UHFFFAOYSA-N
c1ccc(-c2ccc(-c3ccccc3)cc2)cc1,-7.11,XJKSTNDFUHDPQJ-UHFFFAOYSA-N
O=Cc1ccc(O)cc1,-0.96,RGHHSNMVTDWUBI-UHFFFAOYSA-N
Cc1cc(S(=O)(=O)c2ccccc2)ccc1NS(=O)(=O)C(F)(F)F,-3.8,WHTBVLXUSXVMEV-UHFFFAOYSA-N
CC(=O)CC(c1ccc(Cl)cc1)c1c(O)c2ccccc2oc1=O,-5.839,DEKWZWCFHUABHE-UHFFFAOYSA-N
CCc1ccc2ccccc2c1,-4.29,RJTJVVYSTUQWNI-UHFFFAOYSA-N
Cc1c[nH]c(=O)nc1N,-1.458,LRSASMSXMSNRBT-UHFFFAOYSA-N
Clc1c(Cl)c(Cl)c(-c2ccccc2)c(Cl)c1Cl,-7.92,GGMPTLAAIUQMIE-UHFFFAOYSA-N
O=C(Nc1ccccc1)c1ccccc1I,-4.21,LJOZMWRYMKECFF-UHFFFAOYSA-N
Cc1cc2nc3c(=O)[nH]c(=O)nc-3n(CC(O)C(O)C(O)CO)c2cc1C,-3.685,AUNGANRZJHBGPY-UHFFFAOYSA-N
Fc1ccccc1Br,-2.7,IPWBFGUBXWMIPR-UHFFFAOYSA-N
Oc1ccc(Cl)cc1Cl,-1.55,HFZWRUODUSTPEG-UHFFFAOYSA-N
CC1(C)C(C=C(Cl)Cl)C1C(=O)OCc1cccc(Oc2ccccc2)c1,-6.291,RLLPVAHGXHCWKJ-UHFFFAOYSA-N
CN1C(C(=O)Nc2ccccn2)=C(O)c2ccccc2S1(=O)=O,-4.16,QYSPLQLAKJAUJT-UHFFFAOYSA-N
CCC(=O)OCN1C(=O)NC(c2ccccc2)(c2ccccc2)C1=O,-4.907,FBQTWGHLMQUOQL-UHFFFAOYSA-N
C1CCCC1,-2.64,RGSFGYAAUTVSQA-UHFFFAOYSA-N
Cc1ccccc1N,-2.21,RNVCVTLRINQCPJ-UHFFFAOYSA-N
C=CCc1ccc(OC)cc1,-2.92,ZFMSMUAANRJZFM-UHFFFAOYSA-N
CN(C)C(=O)Nc1cccc(OC(=O)NC(C)(C)C)c1,-2.93,OWNAXTAAAQTBSP-UHFFFAOYSA-N
C=CC(C)C,-2.73,YHQXBTXEYZIYOV-UHFFFAOYSA-N
Oc1ccccn1,1.02,UBQKCCHYAOITMY-UHFFFAOYSA-N
Clc1ccccc1Cl,-3.05,RFFLAFLAYFXFSW-UHFFFAOYSA-N
Sc1nc2ccccc2s1,-3.18,YXIWHUQXZSMYRE-UHFFFAOYSA-N
Clc1c(Cl)c(Cl)c(-c2c(Cl)c(Cl)c(Cl)c(Cl)c2Cl)c(Cl)c1Cl,-11.6,ONXPZLFXDMAPRO-UHFFFAOYSA-N
COc1c2occc2cc2ccc(=O)oc12,-3.664,QXKHYNVANLEOEG-UHFFFAOYSA-N
Cc1cccc2ccccc12,-3.7,QPUYECUOLPXSFR-UHFFFAOYSA-N
CCN(CC)C(=O)C(C)Oc1cccc2ccccc12,-3.57,WXZVAROIGSFCFJ-UHFFFAOYSA-N
CC(O)C(C)(C)C,-0.62,DFOXKPDFWGNLJU-UHFFFAOYSA-N
CCCC(=O)OCC,-1.36,OBNCKNCVKJNDBV-UHFFFAOYSA-N
CC1=CC(=O)c2ccccc2C1=O,-3.03,MJVAVZPDRWSRRC-UHFFFAOYSA-N
c1ccc2c(c1)ccc1ccccc12,-5.26,YNPNZTXNASCQKK-UHFFFAOYSA-N
Cc1ccnc(C)c1,0.38,JYYNAJVZFGKDEQ-UHFFFAOYSA-N
CCCCCCCCCO,-3.01,ZWRUINPWMLAQRD-UHFFFAOYSA-N
CC1CC2C3CCC4=CC(=O)C=CC4(C)C3(F)C(O)CC2(C)C1(O)C(=O)CO,-3.59,UREBDLICKHMUKA-UHFFFAOYSA-N
Cc1ccc2cc(C)ccc2c1,-4.89,YGYNBBAUIYTWBF-UHFFFAOYSA-N
CCSC(=O)N(CC(C)C)CC(C)C,-3.68,BMTAFVWTTFSTOG-UHFFFAOYSA-N
O=[N+]([O-])OCC(CO[N+](=O)[O-])O[N+](=O)[O-],-2.22,SNIOPGDIGTZGOP-UHFFFAOYSA-N
Nc1cccc([N+](=O)[O-])c1,-2.19,XJCVRTZCHMZPBD-UHFFFAOYSA-N
CCCCCl,-2.03,VFWCMGCRMGJXDK-UHFFFAOYSA-N
O=CNC(N1C=CN(C(NC=O)C(Cl)(Cl)Cl)C=C1)C(Cl)(Cl)Cl,-4.19,XEOXEBNPBKUGJH-UHFFFAOYSA-N
Cn1cc(-c2ccccc2)c(=O)c(-c2cccc(C(F)(F)F)c2)c1,-4.445,YWBVHLJPRPCRSD-UHFFFAOYSA-N
Nc1cc2c3ccccc3ccc2c2ccccc12,-6.2,KIVUHCNVDWYUNP-UHFFFAOYSA-N
CC12CCC3c4ccc(O)cc4CCC3C1CCC2=O,-3.955,DNXHEGUUPJUMQT-UHFFFAOYSA-N
CCN1c2ccccc2N(C)C(=S)c2cccnc21,-4.706,ZSLBEMKAJDJVND-UHFFFAOYSA-N
O=C1CN=C(c2ccccc2)c2cc([N+](=O)[O-])ccc2N1,-3.796,KJONHKAYOJNZEC-UHFFFAOYSA-N
CCNC(=S)NCC,-1.46,FLVIGYVXZHLUHP-UHFFFAOYSA-N
Oc1cc(Cl)cc(Cl)c1Cl,-2.67,WWGQHTJIFOQAOC-UHFFFAOYSA-N
CCCCC(=O)OC,-1.34,HNBDRPTVWVGKBR-UHFFFAOYSA-N
Nc1ccccc1,-0.41,PAYRUJLWNCNPSJ-UHFFFAOYSA-N
Cc1cccc2c(C)cccc12,-4.679,SDDBCEWUYXVGCQ-UHFFFAOYSA-N
NS(=O)(=O)c1cc2c(cc1Cl)NCNS2(=O)=O,-2.63,JZUFKLXOESDKRF-UHFFFAOYSA-N
C1=Cc2cccc3cccc1c23,-3.96,HXGDTGSAIMULJN-UHFFFAOYSA-N
CCCCCOC(=O)CC,-1.28,TWSRVQVEYJNFKQ-UHFFFAOYSA-N
CCNc1nc(NC(C)C)nc(OC)n1,-2.084,PXWUKZGIHQRDHL-UHFFFAOYSA-N
c1ccc2c(c1)cc1ccc3cccc4ccc2c1c34,-8.699,FMMWHPNWAFZXNH-UHFFFAOYSA-N
CCC#CCC,-1.99,DQQNMIPXXNPGCV-UHFFFAOYSA-N
C=C(C)CC,-2.73,MHNNAWXXUZQSNM-UHFFFAOYSA-N
Oc1cccc2cccnc12,-2.42,MCJGNVYPOGVAJF-UHFFFAOYSA-N
c1ccc2c(c1)CCCC2,-4.37,CXWXQJXEFPUFDZ-UHFFFAOYSA-N
O=C1OC(c2ccc(O)cc2)(c2ccc(O)cc2)c2ccccc21,-2.9,KJFMBFZCATUALV-UHFFFAOYSA-N
Brc1cc(Br)cc(Br)c1,-5.6,YWDUZLFWHVQCHY-UHFFFAOYSA-N
COP(=S)(OC)Oc1cc(Cl)c(Cl)cc1Cl,-5.72,JHJOOSLFWRRSGU-UHFFFAOYSA-N
Cc1cc(=O)[nH]c(=S)[nH]1,-2.436,HWGBHCRJGXAGEU-UHFFFAOYSA-N
C=CCc1ccc(O)c(OC)c1,-1.56,RRAFCDWBNXTKKO-UHFFFAOYSA-N
C=CCC1(C(C)C)C(=O)NC(=O)NC1=O,-1.708,UORJNBVJVRLXMQ-UHFFFAOYSA-N
c1cc2ccc3cccc4ccc(c1)c2c34,-6.176,BBEAQIROQSPTKN-UHFFFAOYSA-N
CCOC(C)OCC,-0.43,DHKHKXVYLBGOIT-UHFFFAOYSA-N
CC1(C)CON(Cc2ccccc2Cl)C1=O,-2.338,KIEDNEWSYUYDSN-UHFFFAOYSA-N
CCCCOCCO,-0.42,POAOYUHQDCAZBD-UHFFFAOYSA-N
O=[N+]([O-])c1c(Cl)c(Cl)c(Cl)c(Cl)c1Cl,-5.82,LKPLKUMXSAEKID-UHFFFAOYSA-N
O=C1C(Cl)C(CCl)CN1c1cccc(C(F)(F)F)c1,-4.047,OQZCSNDVOWYALR-UHFFFAOYSA-N
c1ccc2ncccc2c1,-1.3,SMWDFEZZVXVKRB-UHFFFAOYSA-N
COC(=O)c1cc(O)c(O)c(O)c1,-1.24,FBSFWRHWHYMIOG-UHFFFAOYSA-N
OC(Cn1cncn1)(Cn1cncn1)c1ccc(F)cc1F,-1.8,RFHAOTPXVQNOHP-UHFFFAOYSA-N
O=c1[nH]c2cc(Cl)ccc2o1,-2.831,TZFWDZFKRBELIQ-UHFFFAOYSA-N
Clc1ccc(-c2c(Cl)c(Cl)c(Cl)c(Cl)c2Cl)c(Cl)c1,-7.92,DJEUXBQAKBLKPO-UHFFFAOYSA-N
O=C1NC(=O)C(=O)C(=O)N1,-1.25,HIMXGTXNXJYFGB-UHFFFAOYSA-N
ClCCCCl,-1.62,YHRUOJUYPBUZOS-UHFFFAOYSA-N
Fc1cccc(Br)c1,-2.67,QDFKKJYEIFBEFC-UHFFFAOYSA-N
Clc1ccc(Br)cc1,-3.63,NHDODQWIKUYWMW-UHFFFAOYSA-N
CC(C)C(C)C,-3.65,ZFFMLCVRJBZUDZ-UHFFFAOYSA-N
Clc1ccc(Cl)c(-c2cc(Cl)c(Cl)c(Cl)c2Cl)c1,-7.68,UCLKLGIYGBLTSM-UHFFFAOYSA-N
Nc1cc[nH]c(=O)n1,-1.155,OPTASPLRGRRNAP-UHFFFAOYSA-N
FC(F)(Cl)C(F)(Cl)Cl,-3.04,AJDIZQLSFPQPEY-UHFFFAOYSA-N
Clc1ccc(C(c2ccccc2Cl)C(Cl)Cl)cc1,-6.51,JWBOIMRXGHLCPP-UHFFFAOYSA-N
COc1ccccc1[N+](=O)[O-],-1.96,CFBYEGUGFPZCNF-UHFFFAOYSA-N
CC12CCC3C(CC=C4CC(O)CCC43C)C1CCC2=O,-4.12,FMGSKLZLMKYGDP-UHFFFAOYSA-N
CC12CC1(C)C(=O)N(c1cc(Cl)cc(Cl)c1)C2=O,-4.8,QXJKBPAVAHBARF-UHFFFAOYSA-N
c1cc2ccc3ccc4ccc5cccc6c(c1)c2c3c4c56,-9.018,GYFAGKUZYNFMBN-UHFFFAOYSA-N
CCC(C)c1cc([N+](=O)[O-])cc([N+](=O)[O-])c1O,-3.38,OWZPCEFYPSAJFR-UHFFFAOYSA-N
COC1=C(OC)C2C(=O)OCC2C=C1,-1.899,TVDYTVXARUOWKL-UHFFFAOYSA-N
OCC(O)CO,1.12,PEDCQBHIVMGVHV-UHFFFAOYSA-N
COc1ccccc1O,-1.96,LHGVFZTZFXWLCP-UHFFFAOYSA-N
CCOP(=S)(OCC)Oc1nc(Cl)c(Cl)cc1Cl,-5.67,SBPBAQFWLVIOKP-UHFFFAOYSA-N
Cc1c2ccccc2cc2ccccc12,-5.89,CPGPAVAKSZHMBP-UHFFFAOYSA-N
Cc1cc(=O)n(-c2ccccc2)n1C,0.715,VEQOALNAAJBPNY-UHFFFAOYSA-N
CCCCOC,-0.99,CXBDYQVECUFKRK-UHFFFAOYSA-N
Cc1cnc2cncnc2n1,-0.854,KOCYTWBTXZOUFS-UHFFFAOYSA-N
CCNc1nc(Cl)nc(NCC)n1,-4.55,ODCWYMIRDDJXKW-UHFFFAOYSA-N
CC(=O)N(C)C,1.11,FXHOOIRPVKKKFG-UHFFFAOYSA-N
CSc1nc(N(C)C)nc(N(C)C)n1,-2.676,PRLMFHYBTOQSLN-UHFFFAOYSA-N
CC(C)(C)CCO,-0.5,DUXCSEISVMREAX-UHFFFAOYSA-N
C=CCC1(CC)C(=O)NC(=O)NC1=O,-1.614,QPADNTZLUBYNEN-UHFFFAOYSA-N
Oc1ccc(Cl)c(Cl)c1Cl,-2.67,HSQFVBWFPBKHEB-UHFFFAOYSA-N
COc1ccccc1,-1.85,RDOXTESZEPMUJZ-UHFFFAOYSA-N
CC(C)OC(=O)C(O)(c1ccc(Cl)cc1)c1cccc(Cl)c1,-4.53,XCKRRIQXHFBKKB-UHFFFAOYSA-N
CC12CCC(=O)C=C1CCC1C2C(O)CC2(C=O)C(C(=O)CO)CCC12,-3.85,PQSUYGKTWSAVDQ-UHFFFAOYSA-N
COc1ccc(Oc2ccc(NC(=O)N(C)C)cc2)cc1,-4.16,AMVYOVYGIJXTQB-UHFFFAOYSA-N
CCc1ccc(C)cc1,-3.11,JRLPEMVDPFPYPJ-UHFFFAOYSA-N
CC(C)SC(C)C,-2.24,XYWDPYKBIRQXQS-UHFFFAOYSA-N
O=[N+]([O-])c1cccc([N+](=O)[O-])c1,-2.29,WDCYWAQPCXBPJA-UHFFFAOYSA-N
CCOP(=S)(OCC)SCSP(=S)(OCC)OCC,-5.54,RIZMRRKBZQXFOY-UHFFFAOYSA-N
CCC1(C(C)C)C(=O)NC(=O)NC1=O,-2.21,HHLXJTDUHFBYAU-UHFFFAOYSA-N
CC(=O)OCC(=O)C1(O)CCC2C3CCC4=CC(=O)CCC4(C)C3C(=O)CC21C,-4.21,ITRJWOMZKQRYTA-UHFFFAOYSA-N
Cc1ncc([N+](=O)[O-])n1CCO,-1.22,VAOCPAMSLUNLGC-UHFFFAOYSA-N
Nc1ccc(Cl)cc1,-1.66,QSNSCYSYFYORTR-UHFFFAOYSA-N
CCCC(C)(C)CO,-1.52,QTOMCRXZFDHJOL-UHFFFAOYSA-N
c1ccoc1,-0.82,YLQBMQCUIZJEEH-UHFFFAOYSA-N
COCCCNc1nc(NC(C)C)nc(SC)n1,-2.928,DDUIUBPJPOKOMV-UHFFFAOYSA-N
CN(C)C(=O)NC1CC2CC1C1CCCC21,-3.171,YGLMVCVJLXREAK-UHFFFAOYSA-N
CC(C)(C)c1ccccc1,-3.66,YTZKOQUCBOVLHL-UHFFFAOYSA-N
CC(=O)CCC1C(=O)N(c2ccccc2)N(c2ccccc2)C1=O,-3.27,LGYTZKPVOAIUKX-UHFFFAOYSA-N
CC(=O)OCC(=O)C1(O)CCC2C3CCC4=CC(=O)C=CC4(C)C3C(O)CC21C,-4.37,LRJOMUJRLNCICJ-UHFFFAOYSA-N
CCCOC,-0.39,VNKYTQGIUYNRMY-UHFFFAOYSA-N
CC(=O)OC(C)C,-0.55,JMMWKPVZQRWMSS-UHFFFAOYSA-N
Brc1ccccc1,-2.55,QARVLSVVCXYDNA-UHFFFAOYSA-N
CCOC(=O)c1ccc(O)cc1,-2.35,NUVBSKCKDOMJSU-UHFFFAOYSA-N
CCCC(=O)OCN1C(=O)NC(c2ccccc2)(c2ccccc2)C1=O,-5.071,UPQWMVAELITTGQ-UHFFFAOYSA-N
CCC(=O)OC1CCC2C3CCC4=CC(=O)CCC4(C)C3CCC12C,-5.37,PDMMFKSKQVNJMI-UHFFFAOYSA-N
c1cc2ccc3ccc4ccc5ccc6ccc1c1c2c3c4c5c61,-9.332,VPUGDVKSAQVFFS-UHFFFAOYSA-N
O=c1[nH]cnc2[nH]ncc12,-2.266,OFCNXPDARWKPPY-UHFFFAOYSA-N
CN(C)C(=O)C(c1ccccc1)c1ccccc1,-2.98,QAHFOPIILNICLA-UHFFFAOYSA-N
BrC(Br)(Br)Br,-3.14,HJUGFYREWKUQJT-UHFFFAOYSA-N
CCN1c2cc(N(C)C)cc(C)c2NC(=O)c2cccnc21,-4.871,ZLVJUFHIMOUPMS-UHFFFAOYSA-N
O=C1NC(=O)c2ccccc21,-2.61,XKJCHHZQLQNZHY-UHFFFAOYSA-N
OC(c1ccc(Cl)cc1)(c1cncnc1)c1ccccc1Cl,-4.38,NHOWDZOIZKMVAI-UHFFFAOYSA-N
COC(=O)c1ccccc1,-1.85,QPJVMBTYPHYUOC-UHFFFAOYSA-N
Cn1ccc(=O)[nH]c1=O,-0.807,XBCXJKGHPABGSD-UHFFFAOYSA-N
CCCCC1C(=O)N(c2ccccc2)N(c2ccc(O)cc2)C1=O,-3.73,HFHZKZSRXITVMK-UHFFFAOYSA-N
Clc1ccc(Cl)c(-c2cccc(Cl)c2Cl)c1,-6.47,ALDJIKXAHSDLLB-UHFFFAOYSA-N
CCC1NC(=O)c2cc(S(N)(=O)=O)c(Cl)cc2N1,-3.29,AGMMTXLNIQSRCG-UHFFFAOYSA-N
CN(C)C(=O)Nc1ccc(Cl)c(Cl)c1,-3.8,XMTQQYYKAHVGBJ-UHFFFAOYSA-N
C1=CCCC1,-2.1,LPIQUOYDBNQMRZ-UHFFFAOYSA-N
O=C1NC(=O)C(O)(C2(O)C(=O)NC(=O)NC2=O)C(=O)N1,-1.99,IWDDXZKCDHOOSF-UHFFFAOYSA-N
CCCCCCCCC,-5.88,BKIMMITUMNQMOS-UHFFFAOYSA-N
Oc1ccccc1Cl,-1.06,ISPYQTSUDJAMAB-UHFFFAOYSA-N
Cc1cc2ccccc2c2ccc3ccccc3c12,-6.59,GOHBXWHNJHENRX-UHFFFAOYSA-N
CCOc1ccccc1,-2.33,DLRJIFUOBPOJNS-UHFFFAOYSA-N
CCOC(=O)C=Cc1ccccc1,-3.0,KBEBGUQPQBELIU-UHFFFAOYSA-N
Cc1[nH]c(=O)n(C(C)(C)C)c(=O)c1Cl,-2.484,NBQCNZYJJMBDKY-UHFFFAOYSA-N
O=C1CN=C(c2ccccc2Cl)c2cc([N+](=O)[O-])ccc2N1,-3.499,DGBIGWXXNGSACT-UHFFFAOYSA-N
Cc1ccc(S(N)(=O)=O)cc1,-1.74,LMYRWZFENFIFIT-UHFFFAOYSA-N
C#CC(C)OC(=O)Nc1cccc(Cl)c1,-2.617,ULBXWWGWDPVHAO-UHFFFAOYSA-N
CCCCCC(C)C,-5.08,JVSWJIKNEAIKJW-UHFFFAOYSA-N
CC1(C)C(C=C(Cl)C(F)(F)F)C1C(=O)OC(C#N)c1cccc(Oc2ccccc2)c1,-8.176,ZXQYGBMAQZUVMI-UHFFFAOYSA-N
CCCC1C(=O)N2C(N(C)C)=Nc3ccc(C)cc3N2C1=O,-3.538,MPHPHYZQRGLTBO-UHFFFAOYSA-N
CN1C(=O)CN=C(c2ccccc2)c2cc(Cl)ccc21,-3.754,AAOVKJBEBIDNHE-UHFFFAOYSA-N
CCC(O)C(C)C,-0.7,ISTJMQSHILQAEC-UHFFFAOYSA-N
CCOP(=S)(OCC)Oc1ccc(S(C)=O)cc1,-2.3,XDNBJTQLKCIJBV-UHFFFAOYSA-N
CC1(C)C2CCC1(C)C(O)C2,-2.32,DTGKSKDOIYIVQL-UHFFFAOYSA-N
CC12CCC(=O)C=C1CCC1C2CCC2(C)C(O)CCC12,-4.02,MUMGGOZAMZWBJJ-UHFFFAOYSA-N
CCCCCCC,-4.53,IMNFDUFMRHMDMM-UHFFFAOYSA-N
Oc1cccc2ccccc12,-2.22,KJCVRFUGPWSIIH-UHFFFAOYSA-N
CC1CCCCC1C,-4.3,KVZJLSYJROEPSQ-UHFFFAOYSA-N
COc1cc2c(N)nc(N3CCN(C(=O)OCC(C)(C)O)CC3)nc2c(OC)c1OC,-3.638,YNZXWQJZEDLQEG-UHFFFAOYSA-N
c1cc2c3c(c4ccc5ccccc5c4cc3c1)CC2,-7.85,KVFJBIQWENJTDM-UHFFFAOYSA-N
CC(=O)C1(C)CCC2C3C=C(C)C4=CC(=O)CCC4(C)C3CCC21C,-5.27,HCFSGRMEEXUOSS-UHFFFAOYSA-N
CCCCCC(C)=O,-1.45,CATSNJVOTSVZJV-UHFFFAOYSA-N
COP(=O)(NC(C)=O)SC,0.54,YASYVMFAVPKPKE-UHFFFAOYSA-N
CCCCSP(=O)(SCCCC)SCCCC,-5.14,ZOKXUAHZSKEQSS-UHFFFAOYSA-N
O=C1NC(=O)C2C=CC=CC12,-2.932,RDHHZPRHIKNBBI-UHFFFAOYSA-N
NS(=O)(=O)c1cc2c(cc1Cl)NC(C(Cl)Cl)NS2(=O)=O,-2.68,LMJSLTNSBFUCMU-UHFFFAOYSA-N
CC=C(C)C,-2.56,BKOOMYPCSUNDGP-UHFFFAOYSA-N
Cc1ccc(C)c(C)c1,-3.31,GWHJZXXIDMPWGX-UHFFFAOYSA-N
Oc1cc(Cl)c(Cl)cc1Cl,-2.21,LHJGJYXLEPZJPM-UHFFFAOYSA-N
c1ccc2c(c1)cnc1ccccc12,-2.78,RDOWQLZANAYVLL-UHFFFAOYSA-N
CCCC(C)(O)CC,-0.98,KYWJZCSJMOILIZ-UHFFFAOYSA-N
CCCCCCCC,-5.24,TVMXDCGIABBOFY-UHFFFAOYSA-N
c1ccc2cc3ccccc3cc2c1,-6.35,MWPLVEDNUUSJAV-UHFFFAOYSA-N
NNc1ccccc1,0.07,HKOOXMFOFWEVGF-UHFFFAOYSA-N
C1CCCCCCC1,-4.15,WJTCGQSWYFHTAC-UHFFFAOYSA-N
C=CCC1(CC=C)C(=O)NC(=O)NC1=O,-2.077,FDQGNLOWMMVRQL-UHFFFAOYSA-N
O=c1ccnc(S)[nH]1,-2.273,ZEMGGZBWXRYJHK-UHFFFAOYSA-N
O=C(Nc1ccccc1)N(Cc1ccc(Cl)cc1)C1CCCC1,-5.915,OGYFATSSENRIKG-UHFFFAOYSA-N
CC1=CCCCC1,-3.27,CTMHWPIWNRWQEG-UHFFFAOYSA-N
CCCCC(C=O)CC,-2.13,LGYNIFWIKSEESD-UHFFFAOYSA-N
COc1c2occc2c(OC)c2c(=O)cc(C)oc12,-3.021,HSMPDPBYAYSOBC-UHFFFAOYSA-N
c1ccc2c3c(ccc2c1)-c1cccc2cccc-3c12,-8.0,KHNYNFUTFKJLDD-UHFFFAOYSA-N
CCC(C=O)CC,-1.52,UNNGUFMVYQJGTD-UHFFFAOYSA-N
CCCOCCC,-1.62,POLCUAVZOMRGSN-UHFFFAOYSA-N
CCCCCCCCCCCCCCO,-5.84,HLZKNKRTKFSKGZ-UHFFFAOYSA-N
Oc1c(Cl)ccc(Cl)c1Cl,-2.64,XGCHAIDDPMFRLJ-UHFFFAOYSA-N
C#CCCC,-1.64,IBXNCJKFFQIKKY-UHFFFAOYSA-N
Brc1cccc(Br)c1,-3.54,JSRLURSZEMLAFO-UHFFFAOYSA-N
CCCCCCCCCCCCCCCCCCO,-8.4,GLDOVTGHNKAZLK-UHFFFAOYSA-N
CC(=O)Nc1ccccc1,-1.33,FZERHIULMFGESH-UHFFFAOYSA-N
O=C1C=C2CC3(O)COc4c(ccc(O)c4O)C3=C2C=C1O,-2.7,HLUCICHZHWJHLL-UHFFFAOYSA-N
NNC(=O)c1ccncc1,0.009,QRXWMOHMRWLFEY-UHFFFAOYSA-N
OC1C=CC2C1C1(Cl)C(Cl)=C(Cl)C2(Cl)C1(Cl)Cl,-5.46,YQWCIPIEEBVRNY-UHFFFAOYSA-N
CC(C)CCOC=O,-1.52,XKYICAQFSCFURC-UHFFFAOYSA-N
CC(=O)c1ccccc1,-1.28,KWOLFJPFCHCOCG-UHFFFAOYSA-N
c1ccc2nc(-c3ccc4ccccc4n3)ccc2c1,-5.4,WPTCSQBWLUUYDV-UHFFFAOYSA-N
CCOP(=O)(OCC)OCC,0.43,DQWPFSLDHJDLRL-UHFFFAOYSA-N
CC12CCC(C1)C(C)(C)C2=O,-1.85,LHXDLQBQYFFVNW-UHFFFAOYSA-N
COc1cnc2cncnc2n1,-0.91,NMUINCUJOZFODB-UHFFFAOYSA-N
ClC1=C(Cl)C2(Cl)C3CC=CC3C1(Cl)C2(Cl)Cl,-5.64,XCJXQCUJXDUNDN-UHFFFAOYSA-N
CC(C)[N+](=O)[O-],-0.62,FGLBSLMDCBOPQK-UHFFFAOYSA-N
c1ccc2c(c1)[nH]c1ccccc12,-5.27,UJOBWOGCFQCDNV-UHFFFAOYSA-N
OCC(O)C(O)CO,0.7,UNXHWFMMPAWVPI-UHFFFAOYSA-N
CCCOC(=O)c1ccc(N)cc1,-2.452,NBFQYHKHPBMJJV-UHFFFAOYSA-N
CNC(=O)C=C(C)OP(=O)(OC)OC,0.6509999999999999,KRTSDMXIXPKRQR-UHFFFAOYSA-N
O=C1CCC(=O)N1,0.3,KZNICNPSHKQLFF-UHFFFAOYSA-N
CCC(C)C(C)C,-4.28,WGECXQBGLLYSFP-UHFFFAOYSA-N
CCCCc1c(C)nc(NCC)nc1OS(=O)(=O)N(C)C,-4.16,DSKJPMWIHSOYEA-UHFFFAOYSA-N
CCN1c2ncccc2C(=S)N(C)c2cccnc21,-4.634,YNARWAUTTJJADX-UHFFFAOYSA-N
CCN1C(=O)c2ccccc2Oc2ccccc21,-3.68,MRBRHCRUXKHKKI-UHFFFAOYSA-N
C1CCOCC1,-0.03,DHXVGJBLRPWPCS-UHFFFAOYSA-N
C#CCCCCC,-3.01,YVXHZKKCZYLQOP-UHFFFAOYSA-N
COc1ccc2ccc(=O)oc2c1CC=C(C)C,-4.314,MBRLOUHOWLUMFF-UHFFFAOYSA-N
Cc1ccc2c(ccc3c4c5c(cccc5cc32)CC4)c1,-7.92,HVVINGXJHBOTJQ-UHFFFAOYSA-N
CCOC(=O)c1ccccc1,-2.32,MTZQAGJQAFMTAQ-UHFFFAOYSA-N
CC(C)CCl,-2.0,QTBFPMKWQKYFLR-UHFFFAOYSA-N
C#CC1(O)CCC2C3CCc4cc(O)ccc4C3CCC21C,-4.3,BFPYWIDHMRZLRN-UHFFFAOYSA-N
CCCCCCCCCCCC(=O)OC,-4.69,UQDUPQYQJKYHQI-UHFFFAOYSA-N
CCCSCCC,-2.58,ZERULLAPCVRMCO-UHFFFAOYSA-N
c1ccc2cc3cc4ccccc4cc3cc2c1,-8.6,IFLREYGFSNHWGE-UHFFFAOYSA-N
CCCCCBr,-3.08,YZWKKMVJZFACSU-UHFFFAOYSA-N
CC=CCCCC,-3.82,OTTZHAVKAVGASB-UHFFFAOYSA-N
CCCCCC1CCCC1,-6.08,HPQURZRDYMUHJI-UHFFFAOYSA-N
Clc1ccc(Cl)c(-c2c(Cl)c(Cl)cc(Cl)c2Cl)c1,-7.42,UHCLFIWDCYOTOL-UHFFFAOYSA-N
CC(Cl)(Cl)Cl,-2.0,UOCLXMDMGBRAIB-UHFFFAOYSA-N
CON(C)C(=O)Nc1ccc(Cl)cc1,-2.57,LKJPSUCKSLORMF-UHFFFAOYSA-N
O=C1NC(=O)C2(CCCCC2)C(=O)N1,-3.06,NBLIVIWUPTWDMD-UHFFFAOYSA-N
CN(C)C(=O)OC1=CC(=O)CC(C)(C)C1,-0.85,ITEQSCBLCCNACE-UHFFFAOYSA-N
Cc1ccc(Br)cc1,-3.19,ZBTMRBYMKUEVEU-UHFFFAOYSA-N
CCOCC,-0.09,RTZKZFJDLAIYFH-UHFFFAOYSA-N
CC(C)NC(=O)N1CC(=O)N(c2cc(Cl)cc(Cl)c2)C1=O,-4.376,ONUFESLQCSAYKA-UHFFFAOYSA-N
CCCCN(CC)c1c([N+](=O)[O-])cc(C(F)(F)F)cc1[N+](=O)[O-],-5.53,SMDHCQAYESWHAE-UHFFFAOYSA-N
Cc1cc(C)c(O)c(C)c1,-2.05,BPRYUXCVCCNUFE-UHFFFAOYSA-N
c1ccccc1,-1.64,UHOVQNZJYSORNB-UHFFFAOYSA-N
Clc1ccc(I)cc1,-4.03,GWQSENYKCGJTRI-UHFFFAOYSA-N
COc1ccc(NC(=O)N(C)C)cc1Cl,-2.564,DSRNRYQBBJQVCW-UHFFFAOYSA-N
CC(C)N(C(=O)CCl)c1ccccc1,-2.48,MFOUDYKPLGXPGO-UHFFFAOYSA-N
C=Cc1ccccc1,-2.82,PPBRXRYQALVLMV-UHFFFAOYSA-N
COCOC,0.48,NKDDWNXOKDWJAK-UHFFFAOYSA-N
Cc1ccccc1C,-2.8,CTQNGGLPUBDAKN-UHFFFAOYSA-N
CCC(C)O,0.47,BTANRVKWQNVYAZ-UHFFFAOYSA-N
Oc1ccc(O)cc1,-0.17,QIGBRXMKCJKVMJ-UHFFFAOYSA-N
CC12CCC3c4ccc(O)cc4CCC3C1CC(O)C2O,-4.955,PROQIPRRNZUXQM-UHFFFAOYSA-N
c1ccc2c(c1)Cc1cc3ccccc3cc1-2,-8.04,HAPOJKSPCGLOOD-UHFFFAOYSA-N
O=C1CNC(=O)N1,-0.4,WJRBRSLFGCUECM-UHFFFAOYSA-N
CCCCCCc1ccc(O)cc1O,-2.59,WFJIVOKAWHGMBH-UHFFFAOYSA-N
C=CCSS(=O)CC=C,-0.83,JDLKFOPOAOFWQN-UHFFFAOYSA-N
CCOP(=S)(OCC)Oc1ccc2oc(=O)c(Cl)c(C)c2c1,-5.382,SJNIEBAPMPLYAB-UHFFFAOYSA-N
Cc1c(C)c2c3ccccc3ccc2c2ccccc12,-7.01,SDOJHDGZFOGOFD-UHFFFAOYSA-N
CCCCC(=O)OC1(C(=O)CO)C(C)CC2C3CCC4=CC(=O)C=CC4(C)C3(F)C(O)CC21C,-4.71,SNHRLVCMMWUAJD-UHFFFAOYSA-N
O=c1[nH]c(=O)c2[nH]c(=O)[nH]c2[nH]1,-3.93,LEHOTFFKMJEONL-UHFFFAOYSA-N
Oc1c(Cl)cc(Cl)c(Cl)c1Cl,-3.1,VGVRPFIJEJYOFN-UHFFFAOYSA-N
Clc1cccc(Cl)c1,-3.04,ZPQOPVIELGIULI-UHFFFAOYSA-N
Clc1ccc(C(c2ccc(Cl)cc2)C(Cl)(Cl)Cl)cc1,-7.15,YVGGHNCTFXOJCH-UHFFFAOYSA-N
CC(C)COC=O,-1.01,AVMSWPWPYJVYKY-UHFFFAOYSA-N
CSc1ccccc1,-2.39,HNKJADCVZUBCPG-UHFFFAOYSA-N
CCN1c2ncccc2C(=O)Nc2c(C(F)(F)F)cc(C)nc21,-4.207,KDDQDUIBYASSFC-UHFFFAOYSA-N
CCCCCC,-3.84,VLKZOEOYAKHREP-UHFFFAOYSA-N
COC(=O)c1cccnc1,-0.46,YNBADRVTZLEFNH-UHFFFAOYSA-N
NS(=O)(=O)c1cc2c(cc1C(F)(F)F)NC(Cc1ccccc1)NS2(=O)=O,-3.59,HDWIHXWEUNVBIY-UHFFFAOYSA-N
Clc1ccc(-c2cc(Cl)c(Cl)c(Cl)c2Cl)cc1Cl,-7.82,LCXMEXLGMKFLQO-UHFFFAOYSA-N
C=CC1(C)OC(=O)N(c2cc(Cl)cc(Cl)c2)C1=O,-4.925,FSCWZHGZWWDELK-UHFFFAOYSA-N
CCNc1nc(Cl)nc(NC(C)(C)C#N)n1,-3.15,MZZBPDKVEFVLFF-UHFFFAOYSA-N
c1ccc2c(c1)c1ccccc1c1ccccc21,-6.726,SLGBZMMZGDRARJ-UHFFFAOYSA-N
CC=C(C(=CC)c1ccc(O)cc1)c1ccc(O)cc1,-4.95,NFDFQCUYFHCNBW-UHFFFAOYSA-N
CCCCC(CC)COC(=O)c1ccccc1C(=O)OCC(CC)CCCC,-6.96,BJQHLKABXJIVAM-UHFFFAOYSA-N
CCc1ccccn1,0.51,NRGGMCIBEHEAIL-UHFFFAOYSA-N
COP(=O)(OC)OC(Br)C(Cl)(Cl)Br,-2.28,BUYMVQAILCEWRR-UHFFFAOYSA-N
c1ccc(-c2ccccc2)cc1,-4.345,ZUOUZKKEUPVFJK-UHFFFAOYSA-N
Clc1cc(Cl)c(-c2c(Cl)cc(Cl)cc2Cl)c(Cl)c1,-8.71,ICOAEPDGFWLUTI-UHFFFAOYSA-N
CN(C)c1nc(N(C)C)nc(N(C)C)n1,-3.364,UUVWYPNAQBNQJQ-UHFFFAOYSA-N
CC(C)CC(C)(C)O,-0.92,FMLSQAUAAGVTJO-UHFFFAOYSA-N
O=C1NC(=O)C2(CCCCCC2)C(=O)N1,-3.168,RSWPVXFVQHCCCI-UHFFFAOYSA-N
OCC1OC(O)(CO)C(O)C1O,0.64,RFSUNEUAIZKAJO-UHFFFAOYSA-N
Cc1cc(C)cc(O)c1,-1.4,TUAMRELNJMMDMT-UHFFFAOYSA-N
O=C(Nc1cccc(Cl)c1)OCC#CCCl,-4.37,MCOQHIWZJUDQIC-UHFFFAOYSA-N
CC(=O)Nc1ccc(Cl)cc1,-2.843,GGUOCFNAWIODMF-UHFFFAOYSA-N
Clc1ccc(Cl)c(-c2c(Cl)c(Cl)c(Cl)c(Cl)c2Cl)c1,-8.94,PYZHTHZEHQHHEN-UHFFFAOYSA-N
CCC(C)(C)C,-3.55,HNRMPXKDFBEGFZ-UHFFFAOYSA-N
CNc1ccccc1,-1.28,AFBPFSWMIHJQDM-UHFFFAOYSA-N
C=CCC=C,-2.09,QYZLKGVUSQXAMU-UHFFFAOYSA-N
CC(=O)OCC(=O)C1(O)CCC2C3CCC4=CC(=O)CCC4(C)C3C(O)CC21C,-4.88,ALEXXDVDDISNDU-UHFFFAOYSA-N
Cc1cc([N+](=O)[O-])cc([N+](=O)[O-])c1O,-1.456,ZXVONLUNISGICL-UHFFFAOYSA-N
O=C1Nc2ccc(Cl)cc2C(c2ccccc2Cl)=NC1O,-3.604,DIWRORZWFLOCLC-UHFFFAOYSA-N
Oc1cccc(Cl)c1,-0.7,HORNXRXVQWOLPJ-UHFFFAOYSA-N
Clc1cccc(Br)c1,-3.21,JRGGUPZKKTVKOV-UHFFFAOYSA-N
NS(=O)(=O)c1cc2c(cc1Cl)N=CNS2(=O)=O,-3.05,JBMKAUGHUNFTOL-UHFFFAOYSA-N
CCC1(C)C(=O)NC(=O)NC1=O,-1.228,RCFRTWDBBMGLGK-UHFFFAOYSA-N
OCCOc1ccccc1,-0.7,QCDWFXQBSFUVSP-UHFFFAOYSA-N
c1ccc(Cc2ccccc2)cc1,-4.08,CZZYITDELCSZES-UHFFFAOYSA-N
CCCCCC(O)CC,-1.98,NMRPBPVERJPACX-UHFFFAOYSA-N
CCN(Cc1c(F)cccc1Cl)c1c([N+](=O)[O-])cc(C(F)(F)F)cc1[N+](=O)[O-],-6.78,PWNAWOCHVWERAR-UHFFFAOYSA-N
CC(C)Nc1nc(Cl)nc(NC(C)C)n1,-4.43,WJNRPILHGGKWCK-UHFFFAOYSA-N
CCCC(C)CO,-1.11,PFNHSEQQEPMLNI-UHFFFAOYSA-N
CCCCC(C)(C)O,-1.08,KRIMXCDMVRMCTC-UHFFFAOYSA-N
CCc1ccccc1,-2.77,YNQLUTRBYVCPMQ-UHFFFAOYSA-N
CCC1(CC=C(C)C)C(=O)NC(=O)NC1=O,-2.253,VDVCBHJNKZNXKT-UHFFFAOYSA-N
ClC1=C(Cl)C2(Cl)C3C(Cl)C=CC3C1(Cl)C2(Cl)Cl,-6.317,FRCCEHPWNOQAEU-UHFFFAOYSA-N
C=C(Br)CC1(C(C)CC)C(=O)NC(=O)NC1=O,-2.647,FWZMBTIUIQUJFF-UHFFFAOYSA-N
CC1(C)C(C(=O)OC(C#N)c2cccc(Oc3ccccc3)c2)C1(C)C,-6.025,XQUXKZZNEFRCAW-UHFFFAOYSA-N
COC(C)(C)CCCC(C)CC=CC(C)=CC(=O)OC(C)C,-5.19,NFGXHKASABOEEW-UHFFFAOYSA-N
CCOC(=O)CC,-0.66,FKRCODPIKNYEAC-UHFFFAOYSA-N
CSc1nc(NC(C)C)nc(NC(C)C)n1,-4.1,AAEVYOVXGOFMJO-UHFFFAOYSA-N
C#CC(C)N(C)C(=O)Nc1ccc(Cl)cc1,-3.9,BYYMILHAKOURNM-UHFFFAOYSA-N
Cc1cc2ccccc2cc1C,-4.72,WWGUMAYGTYQSGA-UHFFFAOYSA-N
Clc1ccc(-c2cc(Cl)ccc2Cl)cc1,-6.25,VAHKBZSAUKPEOV-UHFFFAOYSA-N
Clc1ccc(-c2cc(Cl)c(Cl)c(Cl)c2Cl)c(Cl)c1,-7.39,CKLLRBPBZLTGDJ-UHFFFAOYSA-N
N#CN=C(N)N,-0.31,QGBSISYHAICWAH-UHFFFAOYSA-N
O=[N+]([O-])C(Cl)(Cl)Cl,-2.0,LFHISGNCFUNFFM-UHFFFAOYSA-N
Clc1cccc(Cl)c1-c1ccccc1,-5.21,IYZWUWBAFUBNCH-UHFFFAOYSA-N
COc1ccc(C=O)cc1,-1.49,ZRSNZINYAWTAHE-UHFFFAOYSA-N
CC(=O)Nc1ccc([N+](=O)[O-])cc1,-2.692,NQRLPDFELNCFHW-UHFFFAOYSA-N
CCCCCCC(=O)OCC,-2.74,TVQGDYNRXLTQAP-UHFFFAOYSA-N
CC(=O)Nc1ccc(O)cc1,-1.03,RZVAJINKPMORJF-UHFFFAOYSA-N
c1ccc2[nH]ncc2c1,-2.16,BAXOFTOLAUCFNW-UHFFFAOYSA-N
CC1(C)OC2CC3C4CCC5=CC(=O)C=CC5(C)C4(F)C(O)CC3(C)C2(C(=O)CO)O1,-4.31,YNDXUCZADRHECN-UHFFFAOYSA-N
Nc1nc2[nH]cnc2c(=O)[nH]1,-3.583,UYTPUPDQBNUYGX-UHFFFAOYSA-N
COC(C)=O,0.46,KXKVLQRXCPHEJC-UHFFFAOYSA-N
CC12CCC3C(CCC4CC(=O)CCC43C)C1CCC2O,-4.743,NVKAWKQGWWIWPM-UHFFFAOYSA-N
C=CC(O)CCC,-0.59,BVOSSZSHBZQJOI-UHFFFAOYSA-N
O=C1NC(=O)C2C3C(C(O)(c4ccccc4)c4ccccn4)=CC(C3=C(c3ccccc3)c3ccccn3)C12,-3.931,DNTHHIVFNQZZRD-UHFFFAOYSA-N
CCCCOCCCC,-1.85,DURPTKYDGMDSBL-UHFFFAOYSA-N
CCCCCCCCCCCCO,-4.8,LQZZUXJYWNFBMV-UHFFFAOYSA-N
CCN1c2nc(N(C)CCO)ccc2NC(=O)c2cccnc21,-3.36,RSPPUQXSQYBMEE-UHFFFAOYSA-N
CCCC(C)(C)O,-0.49,WFRBDWRZVBPBDO-UHFFFAOYSA-N
Nc1nc(=O)[nH]cc1F,-0.972,XRECTZIEBJDKEO-UHFFFAOYSA-N
CCCCOc1ccc(C(=O)OCC)c(N(CC)CC)c1,-3.84,VZPIPJKBIZCCCK-UHFFFAOYSA-N
CCCCCC(C)(C)O,-1.72,ACBMYYVZWKYLIP-UHFFFAOYSA-N
Cc1c(C)c(C)c(C)c(C)c1C,-5.23,YUWFEBAXEOLKSG-UHFFFAOYSA-N
Cc1ccc(C(C)C)c(O)c1,-2.22,MGSRCZKZVOBKFT-UHFFFAOYSA-N
c1cnc2ncncc2n1,0.02,CPNGPNLZQNNVQM-UHFFFAOYSA-N
CCOP(=S)(OCC)Oc1ccc([N+](=O)[O-])cc1,-4.66,LCCNCVORNKJIRZ-UHFFFAOYSA-N
c1ccc2c(c1)CCN2,-1.04,LPAGFVYQRIESJQ-UHFFFAOYSA-N
O=[N+]([O-])c1cccc2ccccc12,-3.54,RJKGJBPXVHTNJL-UHFFFAOYSA-N
CCC(C)C(C)=O,-0.67,UIHCLUNTQKBZGK-UHFFFAOYSA-N
Nc1nc(O)nc2nc[nH]c12,-3.401,DRAVOWXCEBXPTN-UHFFFAOYSA-N
O=c1oc2ccccc2c(O)c1C(CC(O)c1ccc(-c2ccc(Br)cc2)cc1)c1ccccc1,-4.445,OWNRRUFOJXFKCU-UHFFFAOYSA-N
CC(C)N(C(=O)SCC(Cl)=C(Cl)Cl)C(C)C,-4.88,MWBPRDONLNQCFV-UHFFFAOYSA-N
C=CCCC=C,-2.68,PYGSKMBEVAICCR-UHFFFAOYSA-N
c1ccc2[nH]ccc2c1,-1.52,SIKJAQJRHWYJAI-UHFFFAOYSA-N
CC12CCC3C(CCC4=CC(=O)CCC43C)C1CCC2=O,-3.69,AEMFNILZOJDQLW-UHFFFAOYSA-N
C=CCCCC,-3.23,LIKMAJRDDDTEIG-UHFFFAOYSA-N
Cc1cccc(C)c1NC(=O)c1cc(S(N)(=O)=O)c(Cl)cc1O,-3.79,MTZBBNMLMNBNJL-UHFFFAOYSA-N
CCC1CCCCC1,-4.25,IIEWJVIFRVWJOD-UHFFFAOYSA-N
CCCCCCCC(C)=O,-2.58,VKCYHJWLYTUGCC-UHFFFAOYSA-N
COC(=O)Nc1nc2ccc(C(=O)c3ccccc3)cc2[nH]1,-3.88,OPXLLQIJSORQAM-UHFFFAOYSA-N
CC(C)OC(=O)Nc1cccc(Cl)c1,-3.38,CWJSHJJYOPWUGX-UHFFFAOYSA-N
CCN1c2ncccc2C(=O)N(C)c2ccc(Cl)nc21,-4.114,YSEMEGXOKULCML-UHFFFAOYSA-N
CNC(=O)Oc1cccc2ccccc12,-3.224,CVXBEEMKQHEXEN-UHFFFAOYSA-N
Cc1cncc(C)c1,0.38,HWWYDZCSSYKIAD-UHFFFAOYSA-N
C1=CCC=CC1,-2.06,UVJHQYIOXKWHFD-UHFFFAOYSA-N
CCOC(=O)N(C)C(=O)CSP(=S)(OCC)OCC,-2.518,KLGMSAOQDHLCOS-UHFFFAOYSA-N
CC(O)c1ccccc1,-0.92,WAPNOHKVXSQRPX-UHFFFAOYSA-N
CC(Cl)CCl,-1.6,KNKRKFALVUDBJE-UHFFFAOYSA-N
CCCC=C(C=O)CC,-2.46,PYLMCYQHBRSDND-UHFFFAOYSA-N
CCOP(=S)(OCC)SCCSCC,-4.23,DOFZAZXDOSGAJZ-UHFFFAOYSA-N
CC(=O)OC1(C)CCC2C3CCC4=CC(=O)CCC4(C)C3CCC21C,-5.284,RLIONZRKXHAVFB-UHFFFAOYSA-N
Clc1ccc(-c2c(Cl)cccc2Cl)cc1,-6.14,IHIDFKLAWYPTKB-UHFFFAOYSA-N
O=C(NC(=O)c1c(F)cccc1F)Nc1ccc(Cl)cc1,-6.02,QQQYTWIFVNKMRW-UHFFFAOYSA-N
Oc1cc(Cl)ccc1Oc1ccc(Cl)cc1Cl,-4.46,XEFQLINVKFYRCS-UHFFFAOYSA-N
CC(C)CCCCCOC(=O)c1ccccc1C(=O)OCCCCCC(C)C,-6.637,IJFPVINAQGWBRJ-UHFFFAOYSA-N
CC12CCC(=O)C=C1CCC1C2C(O)CC2(C)C(C(=O)CO)CCC12,-3.24,OMFXVFTZEKFJBZ-UHFFFAOYSA-N
Cc1cc(C)cc(C)c1,-3.4,AUHZEENZYGFFBQ-UHFFFAOYSA-N
CCCCCCCCOC(=O)c1ccccc1C(=O)OCCCCCCCC,-5.115,MQIUGAXCHLFZKX-UHFFFAOYSA-N
CCCCCCCCCCCCCCCO,-6.35,REIUXOLGHVXAEO-UHFFFAOYSA-N
Clc1cccc(Cl)c1-c1c(Cl)cccc1Cl,-7.39,PXAGFNRKXSYIHU-UHFFFAOYSA-N
CC1(C)C(=O)NC(=O)NC1=O,-1.742,LAOZSCRCYVBSJA-UHFFFAOYSA-N
O=[N+]([O-])c1ccccc1[N+](=O)[O-],-3.1,IZUKQUVSCNEFMJ-UHFFFAOYSA-N
CC(=O)C(C)C,-0.12,SYBYTAAJFKOIEJ-UHFFFAOYSA-N
CCCCCCCCCCCCCCCC,-8.4,DCAYPVUWAIABOU-UHFFFAOYSA-N
Cc1cccc2sc3nncn3c12,-2.07,DQJCHOQLCLEDLL-UHFFFAOYSA-N
CCCCCCC(C)=O,-2.05,ZPVFWPFBNIEHGJ-UHFFFAOYSA-N
CCCCCCCCC(=O)OC,-3.38,IJXHLVMUNBOGRR-UHFFFAOYSA-N
Fc1ccc(F)cc1,-1.97,QUGUFLJIAFISSW-UHFFFAOYSA-N
O=C1CCC(N2C(=O)c3ccccc3C2=O)C(=O)N1,-2.676,UEJJHQNACJXSKW-UHFFFAOYSA-N
CCCN(CCC)c1c([N+](=O)[O-])cc(C(F)(F)F)cc1[N+](=O)[O-],-5.68,ZSDSQXJSNMTJDA-UHFFFAOYSA-N
O=C1NC(=O)C2(CCCC2)C(=O)N1,-2.349,HYPRUQJUBWRVEM-UHFFFAOYSA-N
CCNC(=O)C(C)OC(=O)Nc1ccccc1,-1.83,AMRQXHFXNZFDCH-UHFFFAOYSA-N
CC(C)=CC1C(C(=O)OCc2cccc(Oc3ccccc3)c2)C1(C)C,-5.24,SBNFWQZLDJGRLK-UHFFFAOYSA-N
CN(C)C(=O)NC1CCCCCCC1,-2.218,DQZCVNGCTZLGAQ-UHFFFAOYSA-N
ClC1(Cl)C2(Cl)C3(Cl)C4(Cl)C(Cl)(Cl)C5(Cl)C3(Cl)C1(Cl)C5(Cl)C24Cl,-6.8,GVYLCNUFSHDAAW-UHFFFAOYSA-N
CCCCCCCCBr,-5.06,VMKOFRJSULQZRM-UHFFFAOYSA-N
CCCCNC(=O)n1c(NC(=O)OC)nc2ccccc21,-4.883,RIOXQFHNBCKOKP-UHFFFAOYSA-N
Cc1c(N(C)C)c(=O)n(-c2ccccc2)n1C,-0.364,RMMXTBMQSGEXHJ-UHFFFAOYSA-N
CCC(O)CC,-0.24,AQIXEPGDORPWBJ-UHFFFAOYSA-N
Cc1ccc([N+](=O)[O-])cc1,-2.49,ZPTVNYMJQHSSEA-UHFFFAOYSA-N
CC(C)CCCO,-1.14,PCWGTDULNUVNBN-UHFFFAOYSA-N
C#CC1(O)CCC2C3CCC4=CC(=O)CCC4(O)C3CCC21C,-4.57,GYRPICHNIDQFOD-UHFFFAOYSA-N
CC(C)OC(=O)C(O)(c1ccc(Br)cc1)c1ccc(Br)cc1,-4.93,FOANIXZHAMJWOI-UHFFFAOYSA-N
Nc1cnn(-c2ccccc2)c(=O)c1Cl,-2.878,WYKYKTKDBLFHCY-UHFFFAOYSA-N
CCC(C)(C)O,0.15,MSXVEPNJUHWQHW-UHFFFAOYSA-N
Cc1ccc(O)cc1,-0.73,IWDCLRJOBJJRNH-UHFFFAOYSA-N
CCOC=O,0.15,WBJINCZRORDGAQ-UHFFFAOYSA-N
CN(C)c1ccccc1,-1.92,JLTDJTHDQAWBAV-UHFFFAOYSA-N
C1CCC2CCCCC2C1,-5.19,NNBZCPXTIHJBJL-UHFFFAOYSA-N
CCCCS,-2.18,WQAQPCDUOCURKW-UHFFFAOYSA-N
c1ccc2c(c1)c1cccc3ccc4cccc2c4c31,-7.8,TXVHTIQJNYSSKO-UHFFFAOYSA-N
ClC(Cl)=C(Cl)Cl,-2.54,CYTYCFOTNPOANT-UHFFFAOYSA-N
CCC(=O)CC,-0.28,FDPIMTJIUBPUKL-UHFFFAOYSA-N
CC1CC2C3CC(F)C4=CC(=O)C=CC4(C)C3(F)C(O)CC2(C)C1(O)C(=O)CO,-5.613,WXURHACBFYSXBI-UHFFFAOYSA-N
CCCCC(C)=O,-0.8,QQZOPKMRPOGIEB-UHFFFAOYSA-N
CCNc1nc(NC(C)(C)C)nc(OC)n1,-3.239,BCQMBFHBDZVHKU-UHFFFAOYSA-N
CCCCC(C)CC,-5.16,LAIUFBWHERIJIH-UHFFFAOYSA-N
CNC(=O)Oc1ccccc1C(C)C,-2.863,QBSJMKIUCUGGNG-UHFFFAOYSA-N
O=C1NCCN1c1ncc([N+](=O)[O-])s1,-3.22,RDXLYGJSWZYTFJ-UHFFFAOYSA-N
c1ccc2c(c1)Cc1c-2ccc2ccccc12,-6.68,HKMTVMBEALTRRR-UHFFFAOYSA-N
COc1ccccc1Cl,-2.46,QGRPVMLBTFGQDQ-UHFFFAOYSA-N
COP(=S)(OC)Oc1cc(Cl)c(Br)cc1Cl,-6.09,NYQDCVLCJXRDSK-UHFFFAOYSA-N
O=C(CC(Cl)Cl)NC1=C(Cl)C(=O)c2ccccc2C1=O,-5.03,DHTZKRIZYPAKLO-UHFFFAOYSA-N
C=CC(=O)OC,-0.22,BAPJBEWLBFYGME-UHFFFAOYSA-N
CN(C)C(=O)Nc1ccc(Oc2ccc(Cl)cc2)cc1,-4.89,IVUXTESCPZUGJC-UHFFFAOYSA-N
c1ccc(N=Nc2ccccc2)cc1,-4.45,DMLAVOWQYNRWNQ-UHFFFAOYSA-N
Cc1ccc(C(C)C)cc1,-3.77,HFPZCAJZSCWRBC-UHFFFAOYSA-N
Oc1c(Cl)cccc1Cl,-1.79,HOLHYSJJBXSLMV-UHFFFAOYSA-N
OCC1OC(OC2(CO)OC(CO)C(O)C2O)C(O)C(O)C1O,0.79,CZMRCDWAGMRECN-UHFFFAOYSA-N
OC1C(O)C(O)C(O)C(O)C1O,0.35,CDAISMWEOUEBRE-UHFFFAOYSA-N
Cn1c(=O)c2c(ncn2CC(O)CO)n(C)c1=O,-0.17,KSCFJBIXMNOVSH-UHFFFAOYSA-N
O=C(NC(CO)C(O)c1ccc([N+](=O)[O-])cc1)C(Cl)Cl,-2.111,WIIZWVCIJKGZOK-UHFFFAOYSA-N
CCC(O)(CC)CC,-0.85,XKIRHOWVQWCYBT-UHFFFAOYSA-N
CC12CCC3C(CCC4CC5SC5CC43C)C1CCC2O,-5.41,OBMLHUPNRURLOK-UHFFFAOYSA-N
Brc1ccccc1Br,-3.5,WQONPSCCEXUXTQ-UHFFFAOYSA-N
Oc1c(Cl)cc(Cl)cc1Cl,-2.34,LINPIYWFGCPVIE-UHFFFAOYSA-N
CCCN(CCC)c1c([N+](=O)[O-])cc(S(N)(=O)=O)cc1[N+](=O)[O-],-5.16,UNAHYJYOSSSJHH-UHFFFAOYSA-N
O=C1c2ccccc2Cc2ccccc2N1CCF,-4.799,SYGHQFHDDIIPNX-UHFFFAOYSA-N
CC(C)C(=O)C(C)C,-1.3,HXVNBWAKAOHACI-UHFFFAOYSA-N
CC(C)=CCC1(C(C)C)C(=O)NC(=O)NC1=O,-2.593,ZCDHRBAYNFWZBH-UHFFFAOYSA-N
COC1=CC2OC3C=CC(O)=CC3C(=O)C2C(O)=C1,-2.943,DOIBQIDXMYSSJY-UHFFFAOYSA-N
Cn1c(=O)c2c(ncn2C)n(C)c1=O,-0.876,RYYVLZVUVIJVGH-UHFFFAOYSA-N
CC(=O)SC1CC2=CC(=O)CCC2(C)C2CCC3(C)C(CCC34CCC(=O)O4)C12,-4.173,LXMSZDCAJNLERA-UHFFFAOYSA-N
Cc1ccc(O)cc1C,-1.38,YCOXTKKNXUZSKD-UHFFFAOYSA-N
c1ccc(Oc2ccccc2)cc1,-3.96,USIUVYZYUHIAEV-UHFFFAOYSA-N
Clc1cc(Cl)c(-c2cc(Cl)c(Cl)cc2Cl)cc1Cl,-8.56,MVWHGTYKUMDIHL-UHFFFAOYSA-N
NC(=O)c1cccnc1,0.61,DFPAKSUCGFBDDF-UHFFFAOYSA-N
Sc1ccccc1,-2.12,RMVRSNDYEFQCLF-UHFFFAOYSA-N
CNC(=O)Oc1cc(C)cc(C)c1,-2.581,CVQODEWAPZVVBU-UHFFFAOYSA-N
ClC1=C(Cl)C2(Cl)C3C(Cl)C(Cl)CC3C1(Cl)C2(Cl)Cl,-6.86,BIWJNBZANLAXMG-UHFFFAOYSA-N
NC(=O)c1ccccc1,-0.96,KXDAEFPNCMNJSK-UHFFFAOYSA-N
Clc1ccccc1Br,-3.19,QBELEDRHMPMKHP-UHFFFAOYSA-N
COC(=O)c1ccccc1OC1OC(COC2OCC(O)C(O)C2O)C(O)C(O)C1O,-0.742,VHUNCYDAXJGCLO-UHFFFAOYSA-N
CCCCC(O)CC,-1.47,RZKSECIXORKHQS-UHFFFAOYSA-N
CCN1c2ncccc2C(=O)Nc2c(C)cc(C)nc21,-4.554,UDDMNBYVRLYNKY-UHFFFAOYSA-N
Oc1cc(Cl)cc(Cl)c1,-1.34,VPOMSPZBQMDLTM-UHFFFAOYSA-N
Cc1cccc2c1ccc1ccccc12,-5.85,DOWJXOHBNXRUOD-UHFFFAOYSA-N
CCCCC(CC)CO,-2.11,YIWUKEYIRIRTPP-UHFFFAOYSA-N
CC(C)N(C(=O)SCC(Cl)=CCl)C(C)C,-4.286,SPANOECCGNXGNR-UHFFFAOYSA-N
Cc1ccccc1,-2.21,YXFVVABEGXRONW-UHFFFAOYSA-N
Clc1cccc(C(Cl)(Cl)Cl)n1,-3.76,DCUJJWWUNKIJPH-UHFFFAOYSA-N
C1=CCCCCC1,-3.18,ZXIJMRYMVAMXQP-UHFFFAOYSA-N
CN(C)C(=S)SSC(=S)N(C)C,-3.9,KUAZQDVKQLNFPE-UHFFFAOYSA-N
COC1=CC(=O)CC(C)C12Oc1c(Cl)c(OC)cc(OC)c1C2=O,-3.246,DDUHZTYCFQRHIY-UHFFFAOYSA-N
CCCCCCCCCCO,-3.63,MWKFXSUHUHTGQN-UHFFFAOYSA-N
CCC(C)(C)CC,-4.23,AEXMKKGTQYQZCS-UHFFFAOYSA-N
CNC(=O)C(C)SCCSP(=O)(OC)OC,1.144,LESVOLZBIFDZGS-UHFFFAOYSA-N
Oc1cc(Cl)c(Cl)c(Cl)c1Cl,-3.15,RULKYXXCCZZKDZ-UHFFFAOYSA-N
CCCC=O,-0.01,ZTQSAGDEMFDKMZ-UHFFFAOYSA-N
CC(=O)OCC(=O)C1(O)C(C)CC2C3CCC4=CC(=O)C=CC4(C)C3(F)C(O)CC21C,-4.9,AKUJBENLRBOFTD-UHFFFAOYSA-N
CC(=O)C1(O)CCC2C3CC(C)C4=CC(=O)C=CC4(C)C3(F)C(O)CC21C,-4.099,FAOZLTXFLGPHNG-UHFFFAOYSA-N
ClC(Cl)C(Cl)(Cl)Cl,-2.6,BNIXVQGCZULYKV-UHFFFAOYSA-N
CCOC(=O)c1ccccc1C(=O)OCC,-2.35,FLKPEMZONWLCSK-UHFFFAOYSA-N
CC(C)CO,0.1,ZXEKIIBDNHEJCQ-UHFFFAOYSA-N
CC(C)Cc1ccccc1,-4.12,KXUHSQYYJYAXGZ-UHFFFAOYSA-N
CCCC(O)CCC,-1.4,YVBCULSIZWMTFY-UHFFFAOYSA-N
CCCCCOC(C)=O,-1.89,PGMYKACGEOXYJE-UHFFFAOYSA-N
Oc1c(Cl)c(Cl)cc(Cl)c1Cl,-3.37,KEWNKZNZRIAIAK-UHFFFAOYSA-N
CCCc1ccccc1,-3.37,ODLMAHJVESYWTB-UHFFFAOYSA-N
FC(F)(Cl)C(F)(F)Cl,-2.74,DDMOUSALMHHKOS-UHFFFAOYSA-N
CN(C)C(=O)N(C)C,0.94,AVQQQNCBBIEMEU-UHFFFAOYSA-N
Cc1cc(C)c(C)cc1C,-4.59,SQNZJJAZBFDUTD-UHFFFAOYSA-N
C#CC1(OC(C)=O)CCC2C3CCC4=CC(=O)CCC4C3CCC21C,-4.8,IMONTRJLAWHYGT-UHFFFAOYSA-N
CCOP(=S)(OCC)N1C(=O)c2ccccc2C1=O,-3.35,MTBZIGHNGSTDJV-UHFFFAOYSA-N
O=C(Nc1ccccc1)c1ccccc1O,-3.59,WKEDVNSFRWHDNR-UHFFFAOYSA-N
C=C(Cl)CSC(=S)N(CC)CC,-3.39,XJCLWVXTCRQIDI-UHFFFAOYSA-N
CC(=O)Nc1cc(NS(=O)(=O)C(F)(F)F)c(C)cc1C,-3.24,OKIBNKKYNPBDRS-UHFFFAOYSA-N
O=C(C=CC=Cc1ccc2c(c1)OCO2)N1CCCCC1,-3.46,MXXWOMGUGJBKIW-UHFFFAOYSA-N
CNC(=O)ON=C(CSC)C(C)(C)C,-1.62,FZSVSABTBYGOQH-UHFFFAOYSA-N
O=C1NC(=O)C2(CCCCCCC2)C(=O)N1,-2.982,RQNKKIXVVHCBKY-UHFFFAOYSA-N
CNC(=O)Oc1cc(C(C)(C)C)cc(C(C)(C)C)c1,-4.24,SLZWBCGZQRRUNG-UHFFFAOYSA-N
O=C1CC(c2ccc(O)c(O)c2)Oc2cc(O)cc(O)c21,-3.62,SBHXYTNGIZCORC-UHFFFAOYSA-N
O=C(c1ccccc1)c1ccccc1,-3.12,RWCCWEUUXYIKHB-UHFFFAOYSA-N
CCCCCCCCCCCCCCCCCCCC,-8.172,CBFCDTFDPHXCNY-UHFFFAOYSA-N
c1ccc(NNc2ccccc2)cc1,-2.92,YBQZXXMEJHZYMB-UHFFFAOYSA-N
CCC(CC)CO,-1.17,TZYRSLHNPKPEFV-UHFFFAOYSA-N
Oc1ccncc1,1.02,GCNTZFIIOFTKIY-UHFFFAOYSA-N
CC1CCCC1,-3.3,GDOPTJXRTPNYNR-UHFFFAOYSA-N
CC(C)CC(C)O,-0.8,WVYWICLMDOOCFB-UHFFFAOYSA-N
Cc1ccc2c(c1)C(=O)N(C)c1cc(N)ccc1O2,-3.928,COGWTYZJZRNZQG-UHFFFAOYSA-N
CC(C)(C)CO,-0.4,KPSSIOMAKSHJJG-UHFFFAOYSA-N
CC(C)(C)C(=O)C(Oc1ccc(Cl)cc1)n1cncn1,-3.61,WURBVZBTWMNKQT-UHFFFAOYSA-N
Cc1cc(C(=O)NNCc2ccccc2)no1,-2.461,XKFPYPQQHFEXRZ-UHFFFAOYSA-N
Oc1ccc(Cl)cc1Cc1cc(Cl)ccc1O,-3.953,MDNWOSOZYLHTCG-UHFFFAOYSA-N
CCOC(=O)Nc1cccc(OC(=O)Nc2ccccc2)c1,-4.632,WZJZMXBKUWKXTQ-UHFFFAOYSA-N
O=C1c2ccccc2C(=O)c2ccccc21,-5.19,RZVHIXYEVGDQDX-UHFFFAOYSA-N
CCCCCCC(C)O,-2.09,SJWFXCIHNDVPSH-UHFFFAOYSA-N
CC1=C(C(=O)Nc2ccccc2)S(=O)(=O)CCO1,-2.281,AMEKQAFGQBKLKX-UHFFFAOYSA-N
CCCCc1ccccc1,-4.06,OCKPCBLVNKHBMX-UHFFFAOYSA-N
O=C1NC(=O)C(=O)N1,-0.4,ZFLIKDUSUDBGCD-UHFFFAOYSA-N
COP(=S)(OC)Oc1ccc(Sc2ccc(OP(=S)(OC)OC)cc2)cc1,-6.237,WWJZWCUNLNYYAU-UHFFFAOYSA-N
NS(=O)(=O)c1cc(C2(O)NC(=O)c3ccccc32)ccc1Cl,-3.451,JIVPVXMEBJLZRO-UHFFFAOYSA-N
CC(=O)OCC(C)C,-1.21,GJRQTCIYDGXPES-UHFFFAOYSA-N
CC(C)C(C)(C)C,-4.36,ZISSAWUMDACLOM-UHFFFAOYSA-N
Clc1ccc(-c2c(Cl)cc(Cl)c(Cl)c2Cl)c(Cl)c1Cl,-7.66,TZMHVHLTPWKZCI-UHFFFAOYSA-N
N#Cc1ccccc1C#N,-2.38,XQZYPMVTSDWCCE-UHFFFAOYSA-N
Cc1cccc([N+](=O)[O-])c1,-2.44,QZYHIOPPLUPUJF-UHFFFAOYSA-N
FC(F)(F)C(Cl)Br,-1.71,BCQZXOMGPXTTIC-UHFFFAOYSA-N
CNC(=O)ON=C(SC)C(=O)N(C)C,0.106,KZAUOCCYDRDERY-UHFFFAOYSA-N
CCSCCSP(=S)(OC)OC,-3.091,OPASCBHCTNRLRM-UHFFFAOYSA-N
CCC(C)C,-3.18,QWTDNUCVQCZILF-UHFFFAOYSA-N
COP(=O)(OC)OC(=CCl)c1cc(Cl)c(Cl)cc1Cl,-4.522,UBCKGWBNUIFUST-UHFFFAOYSA-N
